cds14,school_name,county,students_per_grade,charter
01100170109835,FAME Public Charter,Alameda,62.0,
01100170112607,Envision Academy for Arts & T,Alameda,37.0,1
01100170118489,Aspire California College Prep,Alameda,61.0,
01100170126748,Lps Oakland R&d Campus,Alameda,,1
01100170130401,Juvenile Hall/Court,Alameda,67.0,0
01100170130419,County Community (Alameda),Alameda,34.0,0
01100170130427,Alameda Co. Opportunity,Alameda,16.0,
01100170130625,Alternatives in Action High School,Alameda,34.0,1
01100170136101,Connecting Waters Charter - East Bay,Alameda,14.0,1
01100170136226,School 01100170136226,,153.0,1
01157250115725,School 01157250115725,,63.0,
01316090131755,Calif Schl.for the Blind,Alameda,2.0,0
01316170131763,CA Schl for the Deaf-Fremont,Alameda,85.0,0
01611190000001,District Students in NPS (Alameda) [1],Alameda,,0
01611190106401,Alameda Science and Technolog,Alameda,49.0,0
01611190119222,Nea Community Learning Center,Alameda,34.0,1
01611190130229,Alameda High,Alameda,467.0,0
01611190130609,Alameda Community Learning Ce,Alameda,60.0,1
01611190130625,Bay Area School of Enterprise,Alameda,38.0,
01611190132142,Encinal Junior/Senior High,Alameda,232.0,0
01611190132878,Encinal High,Alameda,238.0,
01611190134304,Island High  (Continuation),Alameda,68.0,0
01611270000001,District Students in NPS (Alameda) [2],Alameda,,0
01611270130294,MacGregor High (Continuation),Alameda,17.0,0
01611270130450,Albany High,Alameda,280.0,0
01611430000001,District Students in NPS (Alameda) [3],Alameda,,0
01611430122697,REALM Charter High,Alameda,86.0,
01611430131078,School 01611430131078,,,
01611430131177,Berkeley High,Alameda,804.0,0
01611430134924,Berkeley Technology,Alameda,41.0,0
01611430138552,REALM Charter,Alameda,65.0,
01611430161143,Home/hospital and independent study (Alameda) [1],Alameda,,
01611500000001,District Students in NPS (Alameda) [4],Alameda,,0
01611500102194,Redwood Alternative  High,Alameda,50.0,
01611500132225,Castro Valley High,Alameda,718.0,0
01611500133876,Castro Valley Virtual Academy,Alameda,10.0,0
01611500135533,Redwood Continuation High,Alameda,73.0,0
01611500161150,School 01611500161150,,,
01611680000001,District Students in NPS (Alameda) [5],Alameda,,0
01611680132746,Emery Secondary,Alameda,40.0,0
01611760000001,District Students in NPS (Alameda) [6],Alameda,,0
01611760130062,American High,Alameda,654.0,0
01611760130138,Robertson High (Continuation),Alameda,121.0,0
01611760130435,Vista Alternative,Alameda,12.0,0
01611760130534,Circle of Independent Learnin,Alameda,69.0,1
01611760133108,Fremont Adult,Alameda,,
01611760134270,Irvington High,Alameda,539.0,0
01611760134452,Kennedy (John F.) High (Alameda),Alameda,318.0,0
01611760135244,Mission San Jose High,Alameda,448.0,0
01611760138693,Washington High (Alameda),Alameda,489.0,0
01611920000001,District Students in NPS (Alameda) [7],Alameda,,0
01611920108670,LPS Hayward,Alameda,141.0,1
01611920113902,Impact Academy of Arts & Tech,Alameda,103.0,
01611920127944,Silver Oak High Public Montessori Charter,Alameda,40.0,1
01611920133009,Brenkwitz High,Alameda,132.0,0
01611920133520,School 01611920133520,,,
01611920133629,Hayward High,Alameda,395.0,0
01611920135319,Mt. Eden High,Alameda,466.0,0
01611920137646,Impact Academy of Arts & Technology,Alameda,86.0,1
01611920138339,Tennyson High,Alameda,378.0,0
01612000000001,District Students in NPS (Alameda) [8],Alameda,,0
01612000120931,Livermore Valley Charter Preparatory High,Alameda,86.0,
01612000130393,Vineyard Alternative,Alameda,38.0,0
01612000130492,Phoenix High (Continuation),Alameda,12.0,
01612000132670,Del Valle Continuation High,Alameda,81.0,0
01612000133397,Granada High (Alameda),Alameda,539.0,0
01612000134536,Livermore High,Alameda,457.0,0
01612340000001,District Students in NPS (Alameda) [9],Alameda,,0
01612340130054,Newark Memorial High,Alameda,342.0,0
01612340130484,Crossroads High (Alter.),Alameda,11.0,0
01612340130682,Progressive Academy,Alameda,1.0,
01612340135418,School 01612340135418,,,
01612340135426,"Bridgepoint High, Continuation",Alameda,37.0,0
01612420000001,District Students in NPS (Alameda) [10],Alameda,,0
01612420110460,Core Learning Academy,Alameda,109.0,0
01612420110478,Alternative Learning Academy,Alameda,12.0,0
01612420114629,New Haven Community Day,Alameda,3.0,
01612420126763,Independent Study,Alameda,51.0,0
01612420134635,School 01612420134635,,,
01612420134668,James Logan High,Alameda,774.0,0
01612590000001,District Students in NPS (Alameda) [11],Alameda,23.0,0
01612590100065,Oakland Unity High,Alameda,74.0,1
01612590100701,MetWest,Alameda,40.0,0
01612590100826,Mandela High,Alameda,78.0,
01612590100834,Media College Preparatory,Alameda,64.0,
01612590100842,Robeson Vis and Perf Arts,Alameda,38.0,
01612590100859,Yes,Alameda,33.0,
01612590101063,College Prep. and Architecture,Alameda,80.0,
01612590101469,LPS College Park,Alameda,57.0,
01612590102954,Business & Information Tech,Alameda,65.0,
01612590102962,E. Oakland Sch. of the Arts,Alameda,57.0,
01612590102970,Eoch,Alameda,,
01612590106468,Youth Employment Partner,Alameda,1.0,
01612590106542,Community Day (Alameda),Alameda,7.0,
01612590106906,Bay Area Technology,Alameda,25.0,1
01612590107169,Oasis High,Alameda,48.0,
01612590107417,Leadership Prep High,Alameda,64.0,
01612590108803,Aspire Millsmont Academy,Alameda,,
01612590108852,CAL Prep,Alameda,,
01612590108944,Lighthouse Community 9-12,Alameda,70.0,1
01612590110171,Best,Alameda,28.0,
01612590110189,McClymonds High,Alameda,89.0,0
01612590110361,Far West,Alameda,17.0,
01612590111823,Oakland Aviation High,Alameda,24.0,
01612590111856,American Indian Public High,Alameda,96.0,1
01612590112482,Space Explorarion Academy,Alameda,,
01612590112797,Coliseum College Prep Academy,Alameda,115.0,0
01612590114868,Oakland Charter High,Alameda,82.0,1
01612590115238,ARISE High,Alameda,68.0,1
01612590115386,Civicorps Corpsmember Academy,Alameda,51.0,
01612590115667,Oakland International High,Alameda,94.0,0
01612590116137,East Oakland Leadership Acade,Alameda,8.0,
01612590118224,Aspire Golden State CP Academy,Alameda,58.0,1
01612590118653,Ralph J. Bunche High,Alameda,62.0,0
01612590119859,Gateway to College at Laney C,Alameda,65.0,0
01612590125161,Castlemont High,Alameda,180.0,0
01612590125716,Fremont High (Alameda),Alameda,292.0,0
01612590126748,LPS Oakland R & D Campus,Alameda,43.0,1
01612590129932,East Bay Innovation Academy,Alameda,58.0,1
01612590130146,Rudsdale Continuation,Alameda,139.0,0
01612590130179,Street Academy (Alter.),Alameda,32.0,0
01612590130526,Merritt Middle College Hi,Alameda,25.0,
01612590130575,LIFE Academy,Alameda,62.0,0
01612590130591,University Preparatory (Alameda),Alameda,365.0,
01612590130617,Oakland Military (Alameda) [1],Alameda,93.0,1
01612590130633,Lighthouse Community K-8,Alameda,,1
01612590130666,Aspire Lionel Wilson College,Alameda,57.0,1
01612590130674,School of Social Justice Com,Alameda,17.0,
01612590132092,Castlemont Senior High,Alameda,196.0,
01612590132555,Conservatory of Vocal/Instrumental Arts High,Alameda,21.0,
01612590132688,Dewey Academy,Alameda,202.0,0
01612590133132,Fremont Senior High,Alameda,140.0,
01612590134015,Lodestar Lighthouse Comm Charter Sc,Alameda,49.0,1
01612590134791,McClymonds Senior High,Alameda,135.0,
01612590135905,Oakland High,Alameda,395.0,0
01612590136051,Oakland Technical High,Alameda,453.0,0
01612590137943,Skyline High,Alameda,312.0,0
01612590149187,MetWest High School,Alameda,50.0,0
01612593030772,Oakland School for the Arts,Alameda,116.0,1
01612596066450,Madison Middle,Alameda,102.0,0
01612596098701,Hillside Academy,Alameda,2.0,
01612596113807,American Indian Public Charter,Alameda,,1
01612596114011,"Independent Study, Sojourner",Alameda,80.0,0
01612596120778,Bunche (Ralph J.) High,Alameda,3.0,
01612596120786,Rudsdale Academy,Alameda,,
01612750000001,District Students in NPS (Alameda) [12],Alameda,,0
01612750130286,Millennium High (Alternative),Alameda,24.0,0
01612750136515,Piedmont High,Alameda,183.0,0
01612910000001,District Students in NPS (Alameda) [13],Alameda,,0
01612910134528,Lincoln High (Continuation),Alameda,85.0,0
01612910137489,School 01612910137489,,,
01612910137588,San Leandro High,Alameda,628.0,0
01612910141473,School 01612910141473,,24.0,0
01613090000001,District Students in NPS (Alameda) [14],Alameda,,0
01613090111799,East Bay Arts High,Alameda,32.0,0
01613090114421,KIPP King Collegiate High,Alameda,166.0,1
01613090130849,Arroyo High (Alameda),Alameda,375.0,0
01613090137745,Royal Sunset (Continuation),Alameda,103.0,0
01613090137810,San Lorenzo High,Alameda,257.0,0
01750930000000,School 01750930000000,,25.0,0
01750930000001,District Students in NPS (Alameda) [15],Alameda,,0
01750930132704,Dublin High,Alameda,693.0,0
01750930138453,Valley High (Continuation),Alameda,33.0,0
01750930175093,School 01750930175093,,24.0,
01751010000000,School 01751010000000,,31.0,0
01751010000001,District Students in NPS (Alameda) [16],Alameda,,0
01751010113480,Pleasanton Community Day,Alameda,2.0,
01751010130096,Foothill High (Alameda),Alameda,542.0,0
01751010130252,Village High,Alameda,76.0,0
01751010130559,Horizon High (Alameda),Alameda,,
01751010130583,Amador Valley High,Alameda,646.0,0
01751010141432,School 01751010141432,,18.0,0
01751010175101,Home/hospital and independent study (Alameda) [2],Alameda,28.0,
01751190130641,B.a.s.i.s.,Alameda,28.0,
01756220130617,Oakland Military (Alameda) [2],Alameda,,
01763800108670,Leadership Public Schools (Alameda),Alameda,,
01766530120931,Livermore Valley Charter Prep,Alameda,107.0,
01771800138289,Latitude 37.8 High,Alameda,54.0,1
02100250230011,Alpine County Opportunity,Alpine,1.0,0
02613330230029,Alpine 7-12 Community Day,Alpine,2.0,
02613330230045,Bear Valley High,Alpine,1.0,
02613330230052,Woodfords High,Alpine,1.0,
03100330000001,County Students in NPS (Amador),Amador,,
03100330330035,County Community (Amador),Amador,2.0,0
03100330330068,Special Education (Amador),Amador,24.0,0
03322760330027,Pine Grove Youth Conservation Camp (Amador),Amador,23.0,
03322760337352,James A. Wieden High,Amador,78.0,
03739810330019,"Independence High, Cont.",Amador,31.0,0
03739810330050,North Star Independent Study,Amador,23.0,0
03739810330753,Amador High,Amador,154.0,0
03739810334755,Argonaut High,Amador,96.0,0
04100410106492,South County Community,Butte,5.0,
04100410106500,North County Community,Butte,11.0,
04100410114991,CORE Butte Charter,Butte,100.0,1
04100410129817,School 04100410129817,,,0
04100410134213,Come Back Butte Charter,Butte,34.0,1
04100410430066,Table Mountain,Butte,12.0,0
04100410430090,Learning Community Charter,Butte,31.0,1
04100410430165,Soar,Butte,11.0,
04100410430173,Butte County Commnuity,Butte,26.0,
04100410430181,South County Community Day,Butte,4.0,
04100416069256,Special Education (Butte),Butte,1.0,0
04614080109868,Biggs Public Charter,Butte,9.0,
04614080430207,Biggs Community Day,Butte,2.0,
04614080430827,Biggs High,Butte,47.0,0
04614086115976,Biggs Intermediate Com Day,Butte,2.0,
04614240000001,District Students in NPS (Butte) [1],Butte,,0
04614240111039,Academy for Change,Butte,1.0,0
04614240120394,Inspire School of Arts and Sc,Butte,106.0,1
04614240121269,Chico Green,Butte,,
04614240123976,Center for Alt. Learning (Butte) [1],Butte,4.0,0
04614240137828,Pivot Charter School North Valley II,Butte,26.0,1
04614240141069,School 04614240141069,,55.0,0
04614240430199,Oakdale,Butte,42.0,0
04614240430215,Loma Vista,Butte,1.0,
04614240431502,Fair View High (Continuation),Butte,98.0,0
04614240431676,Chico High,Butte,451.0,0
04614240437558,Pleasant Valley High,Butte,494.0,0
04614246113310,Center for Alt. Learning (Butte) [2],Butte,9.0,
04614320000001,District Students in NPS (Butte) [2],Butte,,0
04614320430124,Mission High (Butte),Butte,1.0,
04614320433201,Durham High,Butte,72.0,0
04614400121509,Ipakanni Early College Charter (Butte) [1],Butte,16.0,
04614570125252,Pivot Charter - North Valley,Butte,19.0,
04615070121509,Ipakanni Early College Charter (Butte) [2],Butte,4.0,1
04615150000001,District Students in NPS (Butte) [3],Butte,,
04615150430017,School 04615150430017,,,
04615150430116,Challenge Charter High,Butte,45.0,
04615150430140,Oroville High Community Day,Butte,2.0,0
04615150434803,Las Plumas High,Butte,316.0,0
04615150435602,Oroville High,Butte,218.0,0
04615150437566,Prospect High (Continuation) (Butte),Butte,43.0,0
04615310000001,District Students in NPS (Butte) [4],Butte,,0
04615310121715,Paradise eLearning Academy,Butte,18.0,0
04615310430108,Honey Run Academy Secondary,Butte,3.0,
04615310430132,Paradise Charter Network,Butte,24.0,
04615310432856,Ridgeview High (Continuation),Butte,52.0,0
04615310437350,Paradise Senior High,Butte,124.0,0
04615316112585,Hometech Charter,Butte,17.0,1
04755070430157,Gridley Community Day 7-12,Butte,1.0,
04755070433946,Esperanza High (Continuation),Butte,17.0,0
04755070433953,Gridley High,Butte,141.0,0
05100580000001,Calaveras Co. Off. Educ. Programs,Calaveras,,
05100580530048,Calaveras River Academy,Calaveras,3.0,0
05100580530147,Angels Creek,Calaveras,1.0,
05100580530154,Mountain Oaks,Calaveras,41.0,1
05100586077150,Calaveras County Special Educ,Calaveras,3.0,0
05100589010745,Oakendell,Calaveras,5.0,0
05615560530014,Vallecito Continuation High,Calaveras,16.0,0
05615560530071,Arnold High,Calaveras,1.0,
05615560530089,Copper Cove High,Calaveras,2.0,
05615560530121,John Vierra High,Calaveras,12.0,
05615560532507,Bret Harte Union High,Calaveras,140.0,0
05615640000001,District Students in NPS (Calaveras),Calaveras,,0
05615640530022,Gold Strike High,Calaveras,18.0,0
05615640530055,Calaveras Hills Educ. Ctr.,Calaveras,9.0,0
05615640530063,West Point Alternative,Calaveras,2.0,
05615640530113,Jenny Lind High,Calaveras,5.0,
05615640531509,Calaveras High,Calaveras,176.0,0
06100660630111,Colusa County Community,Colusa,1.0,0
06100660634774,Juvenile Hall-Nielson,Colusa,14.0,
06100666069264,Special Education (Colusa),Colusa,2.0,
06615980630012,Colusa Alternative High (Cont,Colusa,3.0,0
06615980630046,Colusa Alternative Home,Colusa,17.0,0
06615980631259,Colusa High,Colusa,99.0,0
06616060630095,"Enid Prine High, Cont.",Colusa,2.0,
06616060634758,Maxwell High,Colusa,26.0,0
06616140000001,Pierce Joint Unified Programs,Colusa,,
06616140630087,"Arbuckle Altern High, Cont.",Colusa,9.0,0
06616140635250,Pierce High,Colusa,99.0,0
06616220630038,Mid Valley High (Continuation,Colusa,16.0,0
06616220637504,Williams High,Colusa,100.0,0
07100740107326,East County Secondary Special Education,Contra Costa,12.0,
07100740107342,East County Elementary Special Educ,Contra Costa,3.0,0
07100740114470,Making Waves Academy,Contra Costa,136.0,1
07100740120444,Mt. McKinley,Contra Costa,34.0,0
07100740129684,Summit Public School K2,Contra Costa,94.0,1
07100740134114,Contra Costa School of Performing Arts,Contra Costa,28.0,1
07100740137026,Invictus Academy of Richmond,Contra Costa,61.0,1
07100740730135,School 07100740730135,,,
07100740730242,Delta Vista High,Contra Costa,19.0,
07100740730556,Edgar Center,Contra Costa,1.0,
07100740730614,Golden Gate,Contra Costa,15.0,1
07100740730663,East Gate Community,Contra Costa,4.0,
07100740731380,Clayton Valley Charter High,Contra Costa,593.0,1
07100746077168,Floyd Marchus,Contra Costa,15.0,0
07616300000001,District Students in NPS (Contra Costa) [1],Contra Costa,12.0,0
07616300107524,Acalanes CIS,Contra Costa,20.0,0
07616300730226,School 07616300730226,,,
07616300730283,Acalanes High,Contra Costa,314.0,0
07616300731125,Campolindo High,Contra Costa,335.0,0
07616300732404,Del Oro High (Continuation),Contra Costa,24.0,
07616300733725,Las Lomas High,Contra Costa,394.0,0
07616300734244,Miramonte High,Contra Costa,292.0,0
07616480000001,District Students in NPS (Contra Costa) [2],Contra Costa,19.0,0
07616480110494,Bidwell Continuation High,Contra Costa,102.0,0
07616480117218,Dozier-Libbey Medical High,Contra Costa,170.0,0
07616480117283,Delta Academy for the Perform,Contra Costa,,
07616480730101,Live Oak High (Continuation),Contra Costa,105.0,0
07616480730259,Prospects High (Alternative),Contra Costa,138.0,0
07616480730465,Deer Valley High,Contra Costa,453.0,0
07616480730481,Bridges,Contra Costa,3.0,
07616480730804,School 07616480730804,,,
07616480730861,Antioch High,Contra Costa,444.0,0
07616486057178,Antioch Middle,Contra Costa,,0
07616630130930,Vista Oaks Charter,Contra Costa,77.0,1
07616970000001,District Students in NPS (Contra Costa) [3],Contra Costa,,0
07616970737023,John Swett High,Contra Costa,88.0,0
07616970737619,Willow High,Contra Costa,21.0,0
07616970761697,Home/hospital and independent study (Contra Costa) [1],Contra Costa,,
07617210000001,District Students in NPS (Contra Costa) [4],Contra Costa,,0
07617210107797,Heritage High (Contra Costa),Contra Costa,642.0,0
07617210730150,School 07617210730150,,,
07617210730457,Freedom High (Contra Costa),Contra Costa,615.0,0
07617210730572,Independence High (Contra Costa),Contra Costa,128.0,0
07617210733980,Liberty High (Contra Costa),Contra Costa,709.0,0
07617210733998,La Paloma High (Continuation),Contra Costa,128.0,0
07617390000001,District Students in NPS (Contra Costa) [5],Contra Costa,,0
07617390730069,School 07617390730069,,,
07617390730440,Vicente Martinez High,Contra Costa,43.0,0
07617390730473,Briones (Alternative),Contra Costa,23.0,0
07617390730549,Alhambra Senior High,Contra Costa,257.0,0
07617540000000,School 07617540000000,,24.0,0
07617540000001,District Students in NPS (Contra Costa) [6],Contra Costa,17.0,0
07617540138115,Crossroads High,Contra Costa,17.0,0
07617540730044,Northgate High,Contra Costa,386.0,0
07617540730168,Loma Vista Adult Center,Contra Costa,,
07617540730317,Horizons Alternative,Contra Costa,89.0,0
07617540730333,Gateway High (Continuation) (Contra Costa),Contra Costa,19.0,
07617540730341,"Nueva Vista High, Cont.",Contra Costa,23.0,
07617540730358,Prospect High (Continuation) (Contra Costa),Contra Costa,29.0,0
07617540730416,Crossroads High (Continuation),Contra Costa,21.0,
07617540730424,Summit High (Continuation) (Contra Costa),Contra Costa,75.0,
07617540730655,Diablo Community Day,Contra Costa,3.0,
07617540731380,Clayton Valley High,Contra Costa,468.0,
07617540731646,College Park High,Contra Costa,487.0,0
07617540731836,Concord High,Contra Costa,284.0,0
07617540734566,Mt. Diablo High,Contra Costa,349.0,0
07617540734764,Olympic Continuation High,Contra Costa,172.0,0
07617540737809,Ygnacio Valley High,Contra Costa,265.0,0
07617540761754,Home/hospital and independent study (Contra Costa) [2],Contra Costa,,
07617546104350,Home and Hospital,Contra Costa,8.0,
07617880000001,District Students in NPS (Contra Costa) [7],Contra Costa,,0
07617880730184,Black Diamond (Continuation),Contra Costa,118.0,0
07617880730564,Independent Learning,Contra Costa,39.0,
07617880735340,School 07617880735340,,,
07617880735407,Pittsburg Senior High,Contra Costa,851.0,0
07617880761788,Home/hospital and independent study (Contra Costa) [3],Contra Costa,,
07617960000000,School 07617960000000,,25.0,0
07617960000001,District Students in NPS (Contra Costa) [8],Contra Costa,15.0,0
07617960101477,Leadership Public Schools (Contra Costa),Contra Costa,148.0,1
07617960115352,West County Community High,Contra Costa,127.0,
07617960118539,WCCUSD Community Day,Contra Costa,9.0,
07617960132100,Aspire Richmond Ca. College Preparatory Academy,Contra Costa,49.0,1
07617960132233,John Henry High (Contra Costa) [1],Contra Costa,72.0,
07617960133637,Summit Public School: Tamalpais,Contra Costa,99.0,1
07617960730275,North Campus Continuation,Contra Costa,111.0,
07617960730291,Middle College High (Contra Costa),Contra Costa,74.0,0
07617960730325,Vista High (Alternative),Contra Costa,162.0,0
07617960730366,Delta Continuation High,Contra Costa,2.0,
07617960730374,Kappa Continuation High,Contra Costa,38.0,
07617960730382,Omega Continuation High,Contra Costa,44.0,
07617960730390,Sigma Continuation High,Contra Costa,10.0,
07617960730523,Transition Learning Center,Contra Costa,6.0,
07617960730580,Alter Ed Learning Ctr Charter,Contra Costa,14.0,
07617960730598,Hercules High,Contra Costa,192.0,0
07617960732164,De Anza Senior High,Contra Costa,262.0,0
07617960732941,El Cerrito Senior High,Contra Costa,365.0,0
07617960733253,Gompers (Samuel) Continuation,Contra Costa,240.0,0
07617960733659,Kennedy High,Contra Costa,185.0,0
07617960735316,Pinole Valley High,Contra Costa,311.0,0
07617960735902,Richmond High,Contra Costa,320.0,0
07617960761796,Home/hospital and independent study (Contra Costa) [4],Contra Costa,,
07617966119518,Hercules Middle,Contra Costa,,
07618040000001,District Students in NPS (Contra Costa) [9],Contra Costa,,0
07618040113118,Dougherty Valley High,Contra Costa,760.0,0
07618040730051,California High (Contra Costa),Contra Costa,724.0,0
07618040730218,Venture (Alternative),Contra Costa,54.0,0
07618040734368,Monte Vista High (Contra Costa),Contra Costa,510.0,0
07618040736504,San Ramon Valley High,Contra Costa,509.0,0
07618040736819,Del Amigo High (Continuation),Contra Costa,33.0,0
07768100125815,Synergy,Contra Costa,,
07773540132233,John Henry High (Contra Costa) [2],Contra Costa,83.0,1
08100820106625,Elk Creek,Del Norte,3.0,
08100820106666,Bar-O,Del Norte,10.0,
08100820109777,Klamath River Early College o,Del Norte,5.0,
08100820830018,Paragon/Avalon,Del Norte,6.0,
08100820830042,McCarthy Center/Court/Communi,Del Norte,4.0,0
08100820830059,Castle Rock,Del Norte,93.0,1
08100820830067,Del Norte County Community Da,Del Norte,1.0,
08100820840017,Juvenile Hall/Bar-O,Del Norte,11.0,
08100821016625,School 08100821016625,,,
08618200833004,Del Norte High (Del Norte),Del Norte,231.0,0
08618200836205,Sunset High,Del Norte,42.0,0
09100900106047,Blue Ridge,El Dorado,3.0,0
09100900136036,School 09100900136036,,37.0,1
09100900930016,Golden Ridge,El Dorado,6.0,
09100900930123,Charter Comm Schl HS Academy,El Dorado,109.0,1
09100900930131,Rite of Passage,El Dorado,31.0,1
09100900930172,TREC II - Placerville,El Dorado,1.0,
09100900930180,TREC I - Tahoe,El Dorado,2.0,
09100906069470,Special Education (El Dorado),El Dorado,2.0,0
09618380136200,Clarksville Charter,El Dorado,48.0,1
09618380139006,Cottonwood,El Dorado,1.0,1
09618530000001,District Students in NPS (El Dorado) [1],El Dorado,,0
09618530101808,Mountain View High (El Dorado),El Dorado,23.0,
09618530930081,Oak Ridge High,El Dorado,586.0,0
09618530930149,"Independent Learning Ctr., Alt",El Dorado,50.0,
09618530930164,Union Mine High,El Dorado,258.0,0
09618530930206,Edushd,El Dorado,1.0,
09618530930214,Shenandoah High,El Dorado,28.0,1
09618530930222,Vista High (El Dorado),El Dorado,25.0,
09618530932756,El Dorado High (El Dorado),El Dorado,284.0,0
09618530934554,Independence Continuation (El Dorado),El Dorado,65.0,0
09618530936302,Ponderosa High,El Dorado,419.0,0
09619030140459,School 09619030140459,,15.0,0
09619030930040,Mt. Tallac High,El Dorado,42.0,0
09619030930107,Transitional Learning Ctr,El Dorado,34.0,
09619030937805,South Tahoe High,El Dorado,269.0,0
09619450930198,Learning With A Purpose,El Dorado,10.0,
09737830000001,District Students in NPS (El Dorado) [2],El Dorado,,0
09737830121566,American River Charter,El Dorado,8.0,1
09737830930073,Gsjshs,El Dorado,76.0,0
09737830930099,Divide High,El Dorado,9.0,0
09737830930156,Black Oak Mine Community,El Dorado,1.0,
09764890121467,Aspire Alexander Twilight Sec,El Dorado,,
09765960119529,PTS-Orangevale,El Dorado,,
09765960119537,PTS-Santa Ana,El Dorado,10.0,
10101080109991,Crescent View West Charter (Fresno) [1],Fresno,110.0,1
10101080111682,Hume Lake Charter,Fresno,7.0,1
10101080119628,Big Picture High School Fresno,Fresno,14.0,1
10101080136291,Career Technical Education Charter,Fresno,60.0,1
10101081030337,Fresno County Court,Fresno,124.0,0
10101081030899,Fresno County Community,Fresno,18.0,0
10101081030923,Fresno County Community Day,Fresno,8.0,
10101086069488,Fresno Cnty. Special Education,Fresno,19.0,0
10620751030535,Caruthers High (Fresno) [1],Fresno,131.0,
10621170000001,District Students in NPS (Fresno) [1],Fresno,,0
10621170110270,Clovis Community Day,Fresno,8.0,0
10621170113555,Clovis North High,Fresno,590.0,0
10621170118018,Clovis Online Charter,Fresno,136.0,1
10621171030071,School 10621171030071,,,
10621171030196,Clovis West High,Fresno,546.0,0
10621171030469,Enterprise Alternative,Fresno,18.0,0
10621171030501,Buchanan High,Fresno,638.0,0
10621171030634,Excel High (Fresno),Fresno,13.0,
10621171030683,Clovis East High,Fresno,778.0,0
10621171031004,Gateway High (Continuation) (Fresno),Fresno,104.0,0
10621171031053,Clovis High,Fresno,695.0,0
10621251030113,Cambridge High,Fresno,21.0,0
10621251030477,Chesnut High (Continuation),Fresno,17.0,0
10621251030873,Miles W. Culwell Community Day,Fresno,1.0,0
10621251031376,Coalinga High,Fresno,314.0,0
10621251062125,School 10621251062125,,,
10621580000001,District Students in NPS (Fresno) [2],Fresno,,
10621580108977,Casa Blanca Community Day 9-12,Fresno,3.0,
10621580120246,Casa Blanca Academy,Fresno,6.0,0
10621581031954,Casa Blanca Continuation,Fresno,4.0,0
10621581032150,Fowler High,Fresno,202.0,0
10621660000001,District Students in NPS (Fresno) [3],Fresno,,0
10621660106740,Valley Preparatory Academy,Fresno,2.0,1
10621660107532,Academy for New Americans,Fresno,1.0,
10621660108555,Design Science Early College,Fresno,61.0,0
10621660114355,Sierra Charter,Fresno,77.0,1
10621660114553,University High (Fresno) [1],Fresno,124.0,1
10621660115196,Fresno Academy for Civic,Fresno,41.0,
10621660120964,Phoenix Secondary,Fresno,1.0,0
10621660132134,Phillip J Patino School of Entrepreneurship,Fresno,53.0,0
10621660140038,School 10621660140038,,29.0,1
10621661030170,Dewolf West High,Fresno,5.0,
10621661030188,New Horizon High (Fresno),Fresno,9.0,
10621661030212,Roosevelt Continuation,Fresno,6.0,
10621661030279,Bullard High,Fresno,621.0,0
10621661030287,Young Academic Center,Fresno,119.0,0
10621661030295,Duncan (Erma) Polytechnical Hi,Fresno,296.0,0
10621661030584,Cambridge Cont. High,Fresno,277.0,0
10621661030642,School of Unlimited Learn,Fresno,78.0,1
10621661030667,New Millennium Institute,Fresno,89.0,
10621661030675,Sunnyside High,Fresno,714.0,0
10621661030733,Fresno Prep Academy,Fresno,66.0,
10621661030816,Renaissance Charter,Fresno,22.0,
10621661030840,Carter G. Woodson Public Char,Fresno,130.0,1
10621661030907,NorthStar High,Fresno,1.0,
10621661031632,Dewolf Continuation High,Fresno,126.0,0
10621661031840,School 10621661031840,,,
10621661031897,Edison High (Fresno),Fresno,585.0,0
10621661032309,School 10621661032309,,,
10621661032507,Fresno High,Fresno,467.0,0
10621661032911,Herbert Hoover High (Fresno),Fresno,510.0,0
10621661034214,McLane High,Fresno,514.0,0
10621661035831,Roosevelt High,Fresno,544.0,0
10621666112619,Fulton Special Education,Fresno,8.0,0
10621666118095,Cornerstone Academy,Fresno,3.0,
10621741030774,W. E. B. DuBois Charter (Fresno) [1],Fresno,29.0,
10621741030857,W Fresno Performing,Fresno,44.0,
10621741030865,One Step Up,Fresno,33.0,
10622570000001,Kingsburg Jt. Un. High Programs,Fresno,,
10622570124727,Kingsburg Independent Study H,Fresno,15.0,0
10622571033695,Kingsburg High,Fresno,268.0,0
10622571033729,Oasis Continuation High,Fresno,13.0,0
10622650000001,Kings Canyon Unified Programs,Fresno,,0
10622650108092,Orange Cove High,Fresno,130.0,0
10622650116640,Dunlap Leadership Academy,Fresno,18.0,1
10622650126292,Reedley Middle College High,Fresno,64.0,1
10622651030378,Mountain View (Alternative),Fresno,76.0,0
10622651033703,Kings Canyon Continuation,Fresno,65.0,0
10622651035310,Reedley High,Fresno,451.0,0
10622656006746,Citrus Middle,Fresno,,0
10622810110445,Laton Community Day,Fresno,3.0,
10622811033950,Laton High,Fresno,44.0,0
10623310124354,National Univ Acad Orange Ctr,Fresno,12.0,
10623310127175,CAVA@Fresno,Fresno,40.0,
10623310130880,Compass Charter Schools of Fresno,Fresno,10.0,
10623310137661,California Virtual Academy at Fresno,Fresno,68.0,1
10623640107623,Crescent View Charter High,Fresno,3.0,
10623640118661,Academy Charter,Fresno,,
10623640126870,San Joaquin Valley High,Fresno,30.0,0
10623641030238,School 10623641030238,,,
10623641034990,Parlier High,Fresno,225.0,0
10623641035005,San Joaquin Valley Charter,Fresno,25.0,
10623800124982,Ambassador Phillip V. Sanchez,Fresno,12.0,
10623800136499,Ambassador Phillip V. Sanchez II Public Charter,Fresno,20.0,1
10623800136754,California Academy of Sports Science Fresno,Fresno,15.0,
10624140141291,Sanger West High,Fresno,360.0,0
10624141030105,School 10624141030105,,,
10624141030451,Taft High,Fresno,24.0,0
10624141030766,Hallmark Charter,Fresno,42.0,
10624141030824,Pathways,Fresno,1.0,0
10624141036086,"Kings River High, Cont.",Fresno,52.0,0
10624141036094,Sanger High,Fresno,606.0,0
10624301030758,Selma Independent,Fresno,35.0,0
10624301036607,Heartland High (Continuation),Fresno,19.0,0
10624301036615,School 10624301036615,,,
10624301036672,Selma High,Fresno,430.0,0
10625210000001,Washington Union High Programs,Fresno,,
10625210108993,Easton Community Day (Fresno) [1],Fresno,3.0,
10625210122473,Elm High (Fresno) [1],Fresno,87.0,
10625211038298,Easton Continuation High (Fresno) [1],Fresno,6.0,
10625211038306,Washington High (Fresno) [1],Fresno,236.0,
10625391030881,Rosalyn Charter,Fresno,11.0,
10625396112387,West Park Charter Academy,Fresno,68.0,1
10625470120535,Crescent View South Charter,Fresno,16.0,
10625470127159,Opps For Learning - Fresno,Fresno,6.0,
10625470135103,Yosemite Valley Charter,Fresno,62.0,1
10625470136523,Crescent View South II,Fresno,61.0,1
10738090123950,Firebaugh Comm Day,Fresno,,0
10738091030121,Firebaugh High,Fresno,168.0,0
10738091030147,El Puente High,Fresno,10.0,0
10738091030691,Firebaugh Community Day,Fresno,1.0,
10739650000001,District Students in NPS (Fresno) [4],Fresno,,0
10739650114751,Pathway Community Day,Fresno,3.0,0
10739650140269,School 10739650140269,,56.0,0
10739650140509,Justin Garza High,Fresno,524.0,0
10739651030386,Central Unif. Alter/Opp,Fresno,84.0,0
10739651030402,School 10739651030402,,,
10739651030626,Central High East Campus,Fresno,435.0,0
10739651030790,Central High (Fresno),Fresno,245.0,0
10739651035112,Pershing Continuation High,Fresno,64.0,0
10739990141036,School 10739990141036,,76.0,0
10739991030576,School 10739991030576,,,
10739991030741,Kerman Community Day,Fresno,1.0,
10739991033422,Enterprise High (Fresno),Fresno,21.0,0
10739991033430,Kerman High,Fresno,373.0,0
10751270109991,Crescent View West Charter (Fresno) [2],Fresno,60.0,
10751271030261,Mendota Continuation High,Fresno,12.0,0
10751271030493,Mendota High,Fresno,266.0,0
10751271030725,Mendota Community Day,Fresno,1.0,0
10752340000001,District Students in NPS (Fresno) [5],Fresno,,0
10752340115360,Golden Plains Community Day,Fresno,2.0,
10752341030352,Rio Del Rey High (Continuatio,Fresno,9.0,0
10752341037456,Tranquillity High,Fresno,92.0,0
10752751030139,Sandy Bluffs,Fresno,22.0,0
10752751030600,School 10752751030600,,,
10752751030709,Oak Meadow Community Day,Fresno,1.0,
10752751030808,University High (Fresno) [2],Fresno,82.0,
10752751036938,Sierra High (Fresno),Fresno,79.0,0
10752756112544,School 10752756112544,,25.0,0
10754081030253,Horizon High (Fresno),Fresno,3.0,0
10754081030832,Riverdale Community Day,Fresno,,
10754081035575,Riverdale High,Fresno,124.0,0
10755980000001,Caruthers Unified Programs,Fresno,,0
10755981030535,Caruthers High (Fresno) [2],Fresno,170.0,0
10755981030543,MARC High Cont,Fresno,2.0,0
10767780108993,Easton Community Day (Fresno) [2],Fresno,4.0,
10767780122473,Elm High (Fresno) [2],Fresno,18.0,0
10767781030774,W. E. B. DuBois Charter (Fresno) [2],Fresno,55.0,1
10767781038298,Easton Continuation High (Fresno) [2],Fresno,10.0,0
10767781038306,Washington High (Fresno) [2],Fresno,274.0,0
11101160130724,Success One!,Glenn,63.0,1
11101160130807,Conservation Corps of Long Beach Gateway Cities Ch,Glenn,67.0,
11101161130087,Glenn County Juvenile Court,Glenn,5.0,
11101161130103,Finch (William),Glenn,16.0,1
11101166077184,Glen County Special Education,Glenn,4.0,0
11625881130053,Barkley (Ella) High,Glenn,9.0,
11625881130111,Hamilton Community Day,Glenn,1.0,
11625881133701,Hamilton Union High,Glenn,74.0,
11625960139550,Lake View Charter,Glenn,29.0,1
11626461130152,Princeton High,Glenn,3.0,
11626461136209,Princeton Junior-Senior High,Glenn,15.0,0
11626531130046,"Bidwell Point High, Cont.",Glenn,2.0,0
11626531130137,Stony Creek Community Day,Glenn,,
11626531132109,Elk Creek Jr.-Sr. High,Glenn,3.0,0
11626611130038,Willows Community,Glenn,7.0,0
11626611130129,Willows High Community Day,Glenn,1.0,
11626611132851,Willows High,Glenn,107.0,0
11754811130012,"North Valley High, Cont.",Glenn,16.0,0
11754811130145,Orland Community Day,Glenn,1.0,
11754811135656,Orland High,Glenn,181.0,0
11765621130053,Ella Barkley High,Glenn,10.0,0
11765621133701,Hamilton High (Glenn),Glenn,48.0,0
12101240106153,Eel River Community,Humboldt,3.0,0
12101240106161,Eureka Community,Humboldt,3.0,0
12101240106179,Southern Humboldt Comm.,Humboldt,1.0,0
12101240106187,Hoopa Comm.,Humboldt,7.0,
12101240106195,Humboldt County Office of Edu,Humboldt,2.0,
12101240106203,Humboldt County Juvenile Hall,Humboldt,1.0,0
12101240115097,Northcoast P & P Arts Academy,Humboldt,27.0,
12101240134163,Northcoast Preparatory and Performing Arts Academy,Humboldt,26.0,1
12101240137364,Northern United - Humboldt Charter,Humboldt,27.0,1
12101241230077,Humboldt County Court,Humboldt,4.0,
12101241230184,Humboldt County,Humboldt,42.0,
12626790137653,School 12626790137653,,16.0,1
12626870107110,Six Rivers Charter High,Humboldt,27.0,1
12626870111922,American Indian Academy,Humboldt,4.0,
12626870124263,Laurel Tree Charter,Humboldt,7.0,1
12626871230044,"Pacific Coast High, Cont.",Humboldt,33.0,0
12626871230051,Tsurai High (Continuation),Humboldt,16.0,0
12626871230143,Northern Humboldt Com Day,Humboldt,2.0,
12626871230705,Arcata High,Humboldt,252.0,0
12626871235209,McKinleyville High,Humboldt,142.0,0
12626951230168,Northcoast Charter,Humboldt,19.0,
12628100108043,Strongs Creek Community Day,Humboldt,,
12628100108688,Academy of the Redwoods,Humboldt,38.0,0
12628101233352,East High (Continuation),Humboldt,44.0,0
12628101233402,Fortuna Union High,Humboldt,206.0,0
12629010118190,Two Rivers Community Day,Humboldt,1.0,
12629011230028,Captain John Continuation,Humboldt,9.0,0
12629011234004,Hoopa Valley High,Humboldt,54.0,0
12629271230150,Pacific View Charter (Humboldt),Humboldt,18.0,
12630320111203,Alder Grove Charter,Humboldt,45.0,1
12630401230010,Osprey Learning Center,Humboldt,1.0,0
12630401230069,Osprey Learning Center (Alter,Humboldt,20.0,0
12630401230176,Southern Humboldt Com Day,Humboldt,1.0,
12630401237007,South Fork Junior - Senior Hi,Humboldt,53.0,0
12753741232909,Ferndale High,Humboldt,36.0,0
12753820000001,Mattole Unified Programs,Humboldt,,
12753821230085,Mattole Triple Jct. High,Humboldt,3.0,0
12753821230135,Mattole Valley Charter,Humboldt,55.0,
12755150000000,School 12755150000000,,47.0,
12755151230101,Humboldt Bay High,Humboldt,18.0,
12755151230150,Pacific View Charter 2.0,Humboldt,14.0,1
12755151232057,Zoe Barnum High,Humboldt,43.0,0
12755151232206,Eureka Senior High,Humboldt,290.0,0
12755151275515,Home/hospital and independent study (Humboldt),Humboldt,24.0,
12755156103204,CIC Prog.,Humboldt,1.0,
13101320131094,School 13101320131094,,47.0,0
13101320134379,Imperial Pathways Charter,Imperial,202.0,1
13101321330117,Imperial County Juvenile Hall,Imperial,34.0,0
13101326069272,Imperial County Special Educa,Imperial,20.0,0
13630810000001,District Students in NPS (Imperial),Imperial,,0
13630811330141,Renaissance,Imperial,1.0,0
13630811331354,"Desert Valley High, Cont.",Imperial,111.0,0
13630811331404,Brawley High,Imperial,466.0,0
13630990000001,Calexico Unified Programs,Imperial,,
13630990112318,Enrique Camarena Jr. High,Imperial,,0
13630990118364,Calexico Community Day,Imperial,,0
13630991330158,School 13630991330158,,,
13630991332154,"Aurora High, Cont.",Imperial,66.0,0
13630991332204,Calexico High,Imperial,686.0,0
13630991363099,School 13630991363099,,,
13630996008338,De Anza 9th Grade Academy,Imperial,,
13630996111587,Moreno (William) Junior High,Imperial,,0
13631071330034,Midway High,Imperial,5.0,
13631071332501,Calipatria High,Imperial,84.0,0
13631150000001,Central Union High Programs,Imperial,,
13631150140954,School 13631150140954,,30.0,0
13631151330133,Southwest High,Imperial,462.0,0
13631151333004,Central Union High,Imperial,502.0,0
13631151333558,"Desert Oasis High, Cont.",Imperial,29.0,0
13631490125922,Freedom Acad. Imperial Valley,Imperial,5.0,0
13631491335306,Holtville High,Imperial,129.0,0
13631491337138,Webb (Sam) Continuation,Imperial,6.0,0
13631641331115,Imperial Ave Holbrook High,Imperial,2.0,0
13631641335900,Imperial High,Imperial,360.0,0
13632140120881,San Pasqual Vocational Academy,Imperial,,
13632141330018,Manes (Bill M.) High,Imperial,4.0,0
13632141337609,San Pasqual Valley High,Imperial,42.0,0
14101400117994,YouthBuild Charter School of,Inyo,147.0,1
14101400121301,YouthBuild Charter -Central,Inyo,71.0,
14101400128447,The Education Corps,Inyo,108.0,1
14101400128454,College Bridge Academy,Inyo,71.0,1
14101401430073,Jill Kinmont Boothe,Inyo,4.0,0
14101401430131,Alabama Hills Community,Inyo,2.0,
14632480120832,Bristlecone Community Day,Inyo,,
14632481430123,Eureka Dunes High,Inyo,1.0,
14632481431352,Big Pine High,Inyo,2.0,0
14632486008692,Big Pine Elementary,Inyo,,0
14632630119081,Bishop Independent Study (Inyo) [1],Inyo,9.0,
14632631430057,"Palisade Glacier High, Cont.",Inyo,20.0,
14632631430107,Bright (Keith B.) High (Inyo) [1],Inyo,3.0,
14632631431600,Bishop High,Inyo,145.0,
14632711430065,Shoshone High Cont.,Inyo,2.0,0
14632711438308,Death Valley High Academy,Inyo,4.0,0
14632890113241,Sierra Alternative Learning A,Inyo,5.0,
14632891434901,Lone Pine High,Inyo,18.0,0
14632970118893,Owens Valley Community Day,Inyo,,
14632971430107,Bright (Keith B.) High (Inyo) [2],Inyo,5.0,
14632971436203,Owens Valley High,Inyo,11.0,0
14766870119081,Bishop Independent Study (Inyo) [2],Inyo,15.0,0
14766870122671,Golden State Virtual Academy,Inyo,11.0,
14766870125047,Community Day School III,Inyo,,0
14766871430057,Palisade Glacier High (Contin,Inyo,31.0,0
14766871430107,Keith B. Bright High (Juvenil,Inyo,1.0,0
14766871431600,Bishop Union High,Inyo,152.0,0
15101570119669,Paramount Bard Academy,Kern,113.0,1
15101570135467,Wonderful Coll Prep Acad Lost Hills,Kern,22.0,1
15101571530302,Kern County Juvenile Court,Kern,153.0,0
15101571530310,Kern County Community,Kern,225.0,0
15101571530443,Community Learn. Ctr (Ch),Kern,190.0,
15101571530492,Valley Oaks Charter,Kern,72.0,1
15101576069496,Kern County Special Education,Kern,9.0,0
15634120100529,Cesar E. Chavez High,Kern,330.0,0
15634120116384,Robert F. Kennedy High,Kern,348.0,0
15634121530211,"Valencia (Ygnacio) High, Alt.",Kern,217.0,
15634121531656,Valley High (Kern),Kern,90.0,0
15634121531672,Delano High,Kern,305.0,0
15635290000001,Kern Union High Programs,Kern,,0
15635290100198,Golden Valley High (Kern),Kern,557.0,0
15635290110999,Frontier High,Kern,524.0,0
15635290116392,Independence High (Kern),Kern,581.0,0
15635290116400,Mira Monte High,Kern,512.0,0
15635290125062,Tierra Del Sol Cont High,Kern,195.0,0
15635290141101,Del Oro High (Kern),Kern,436.0,0
15635291530021,Central Valley High (Continua,Kern,62.0,0
15635291530047,Nueva Continuation High,Kern,81.0,0
15635291530112,Vista West Continuation,Kern,210.0,0
15635291530179,Phoenix Learning Center,Kern,,
15635291530252,Arvin High,Kern,663.0,0
15635291530294,Summit Continuation,Kern,15.0,
15635291530344,Stockdale High,Kern,600.0,0
15635291530369,Centennial High (Kern),Kern,553.0,0
15635291530385,Ridgeview High,Kern,644.0,0
15635291530435,Kern Workforce 2000 Academy,Kern,284.0,1
15635291530476,Liberty High (Kern),Kern,592.0,0
15635291530708,Bakersfield High,Kern,767.0,0
15635291532290,East Bakersfield High,Kern,583.0,0
15635291532605,Foothill High (Kern),Kern,511.0,0
15635291533330,Highland High (Kern),Kern,632.0,0
15635291533538,Kern Valley High,Kern,124.0,0
15635291534775,North High (Kern),Kern,534.0,0
15635291535087,Shafter High,Kern,400.0,0
15635291535392,South High (Kern),Kern,527.0,0
15635291536325,Vista High (Continuation) (Kern),Kern,182.0,0
15635291536606,West High (Kern),Kern,540.0,0
15636280127183,CAVA @ Maricopa,Kern,93.0,
15636280127209,CAVA High @ Maricopa,Kern,195.0,1
15636280134312,Blue Ridge Academy,Kern,302.0,1
15636280137687,California Virtual Academy at Maricopa,Kern,44.0,1
15636280138131,Heartland Charter,Kern,118.0,1
15636281533843,Maricopa High,Kern,18.0,0
15636286121024,California Virtual Academy @ (Kern),Kern,36.0,
15636770114512,California City High,Kern,134.0,0
15636770136259,Mojave Jr./Sr. High (Kern) [1],Kern,32.0,0
15636771530013,"Mountain View High, Cont. (Kern)",Kern,24.0,
15636771530336,Douglas,Kern,5.0,
15636771530427,School 15636771530427,,,
15636771534460,Mojave Jr./Sr. High (Kern) [2],Kern,39.0,
15636776117220,Red Rock Community Day,Kern,1.0,
15636851530286,McGowan (Robert) High (Contin,Kern,11.0,0
15636851530997,Boron Junior-Senior High,Kern,30.0,0
15636851531987,Desert Junior-Senior High,Kern,72.0,0
15637680124842,CalPac Kern,Kern,122.0,
15637760000001,District Students in NPS (Kern),Kern,,
15637761530039,"Rare Earth High, Cont.",Kern,3.0,0
15637761530377,Lincoln (Abraham) Altern.,Kern,20.0,0
15637761534957,Rosamond High,Kern,189.0,0
15638180107904,Westside Independent Study Hi,Kern,4.0,
15638181530138,"Buena Vista High, Cont.",Kern,29.0,0
15638181535905,Taft Union High,Kern,228.0,0
15638181563818,School 15638181563818,,,
15638261530245,"Monroe High, Cont.",Kern,80.0,0
15638261536135,Tehachapi High,Kern,315.0,0
15638591530351,Wasco Independence High,Kern,58.0,0
15638591536440,Wasco High,Kern,418.0,0
15737420000001,Sierra Sands Unified Programs,Kern,,0
15737420115717,Sierra Sands Community Day,Kern,2.0,
15737421530054,Mesquite Cont. High,Kern,58.0,0
15737421531367,Burroughs High (Kern),Kern,384.0,0
15739081530146,"San Joaquin High, Cont.",Kern,10.0,0
15739081530229,McFarland Independent,Kern,3.0,0
15739081534155,McFarland High,Kern,257.0,0
15751680113910,El Tejon Continuation High,Kern,1.0,
15751681530401,Frazier Mountain High,Kern,71.0,0
15751681530484,Mountain Community Charter,Kern,,
16101651630102,Montgomery J C,Kings,14.0,0
16101651630193,Kings County,Kings,21.0,
16101656069298,Kings County Special Education,Kings,21.0,0
16638750101717,Crossroads Charter,Kings,31.0,1
16638750112698,Ca Virtual Acad @ Kings,Kings,47.0,1
16638750118331,Crossroads Trade Tech Charter,Kings,16.0,
16638750121491,"Natl. Univ. Acad., Armona",Kings,73.0,
16638910110858,Corcoran Academy,Kings,2.0,0
16638910120154,CalPac CC,Kings,14.0,
16638910122820,Mission Community Day,Kings,,0
16638911630177,Corcoran Unified Community,Kings,2.0,
16638911632140,Kings Lake Education Center,Kings,35.0,0
16638911632207,Corcoran High,Kings,233.0,0
16639250118919,Sierra Pacific High,Kings,296.0,0
16639250137901,Hanford Online Charter,Kings,6.0,1
16639251630060,"Hanford High Night, Cont.",Kings,34.0,
16639251630151,Hanford Joint Union High Commu,Kings,13.0,0
16639251630169,Hanford West High,Kings,333.0,0
16639251634245,"Johnson High, Continuation",Kings,120.0,0
16639251634302,School 16639251634302,,,
16639251634401,Hanford High,Kings,374.0,0
16639580132860,Kings Valley Academy,Kings,24.0,
16639580136556,Kings Valley Academy II,Kings,142.0,1
16639820000001,District Students in NPS (Kings),Kings,,0
16639820102004,Gundacker Community Day,Kings,,
16639820110205,Lemoore Middle College High,Kings,50.0,1
16639820136234,Lemoore Online College Preparatory High,Kings,15.0,1
16639821630011,"Jamison (Donald C.) High, Cont",Kings,48.0,0
16639821630128,School 16639821630128,,,
16639821630144,Yokuts High,Kings,1.0,
16639821635606,Lemoore High,Kings,450.0,0
16739321630078,"Sunrise High, Cont.",Kings,16.0,0
16739321630110,Adelante High (Kings),Kings,3.0,
16739321630136,School 16739321630136,,,
16739321630185,Reef-Sunset Secondary Com Day,Kings,1.0,0
16739321630953,Avenal High,Kings,190.0,0
17101730107995,Clearlake Community,Lake,3.0,
17101730128231,School 17101730128231,,,0
17101731730068,Renaissance Court,Lake,4.0,
17101731730167,Lloyd Hance Community,Lake,10.0,0
17640140000001,District Students in NPS (Lake) [1],Lake,,0
17640140120774,Riviera High,Lake,1.0,
17640140138537,Kelseyville Learning Academy,Lake,7.0,0
17640141730043,Donaldson (Ed) Educ. Ctr.,Lake,6.0,0
17640141730100,Intermountain High,Lake,1.0,
17640141730159,Kelseyville Community Day,Lake,1.0,0
17640141734359,Kelseyville High,Lake,129.0,0
17640220000001,District Students in NPS (Lake) [2],Lake,,0
17640220107706,Blue Heron,Lake,,0
17640220117861,Highlands High (Lake),Lake,,
17640220132571,Konocti Education Center,Lake,15.0,
17640221730027,Carle (William C.) High (Cont,Lake,23.0,0
17640221730076,School 17640221730076,,,
17640221730118,Richard H. Lewis Alternative,Lake,9.0,0
17640221730134,Konocti Community Day,Lake,3.0,
17640221735000,Lower Lake High,Lake,242.0,0
17640226057434,Highlands Academy,Lake,,0
17640300000001,District Students in NPS (Lake) [3],Lake,,
17640300114215,Lakeport Community Day,Lake,,
17640301730019,"Natural High, Cont.",Lake,15.0,0
17640301730142,Lakeport,Lake,10.0,0
17640301732304,Clear Lake High,Lake,84.0,0
17640550129601,California Connections Academy North Bay,Lake,35.0,1
17640551730035,Loconoma Valley High,Lake,11.0,0
17640551730126,Middletown Community Day,Lake,1.0,
17640551736008,Middletown High,Lake,124.0,0
17640711730050,"Clover Valley High, Cont.",Lake,3.0,
17640711730175,Upper Lake Community Day,Lake,2.0,
17640711737006,Upper Lake High (Lake) [1],Lake,57.0,
17769761730050,School 17769761730050,,21.0,0
17769761737006,Upper Lake High (Lake) [2],Lake,58.0,0
18101810000001,Lassen Co. Off. of Educ. Programs,Lassen,,
18101811830058,Lassen County Juvenile  Court,Lassen,4.0,
18101811830066,Lassen Co. Opportunity,Lassen,,
18101811830140,Rocky Ridge High,Lassen,6.0,
18101816069934,Special Education (Lassen),Lassen,3.0,0
18640890000001,Big Valley Joint Unified Programs,Lassen,,
18640891830041,"Gateway High, Cont. (Lassen)",Lassen,1.0,
18640891830116,Big Valley Community Day,Lassen,1.0,
18640891831601,Big Valley Jr. Sr. High,Lassen,14.0,0
18641390000001,Lassen Union High Programs,Lassen,,
18641390101246,Spring Ridge Community Day,Lassen,,
18641390106385,Diamond Mountain Charter High,Lassen,22.0,
18641390131953,School 18641390131953,,11.0,0
18641391830082,Lassen Community Day,Lassen,2.0,
18641391833805,Lassen High,Lassen,174.0,0
18641391833813,Credence High,Lassen,7.0,0
18641620118067,Juniper Ridge Virtual Academy,Lassen,7.0,
18641620120287,New Day Academy (Lassen),Lassen,27.0,
18641620135756,Long Valley Charter - Susanville,Lassen,22.0,
18641626010763,Long Valley Charter (Lassen) [1],Lassen,7.0,
18641960135756,Thompson Peak Charter,Lassen,25.0,1
18642041830074,Westwood Community Day,Lassen,1.0,
18642041830090,"Horizon High, Cont.",Lassen,4.0,
18642041830132,Westwood Charter,Lassen,56.0,
18642041838507,Westwood High,Lassen,15.0,0
18750360121657,Mt. Lassen Charter,Lassen,10.0,1
18750361830033,Render Cont. High,Lassen,1.0,
18750361833409,Herlong High,Lassen,9.0,0
18750366010763,Long Valley Charter (Lassen) [2],Lassen,16.0,1
18767296010763,Long Valley Charter (Lassen) [3],Lassen,55.0,
19101990100776,North Valley Military Institute College Preparatory Academy,Los Angeles,62.0,
19101990102145,Progressive Education,Los Angeles,,
19101990109918,Opportunities Unlimited (Los Angeles) [1],Los Angeles,21.0,
19101990109926,Academia Avance Charter (Los Angeles) [1],Los Angeles,57.0,
19101990109942,Los Angeles International Cha,Los Angeles,51.0,
19101990112128,Aspire Ollin University Preparatory Academy,Los Angeles,83.0,1
19101990115030,Magnolia Science Academy 3 (Los Angeles) [1],Los Angeles,55.0,1
19101990115212,Magnolia Science Academy 2 (Los Angeles) [1],Los Angeles,38.0,1
19101990121822,Nidorf Juvenile Hall,Los Angeles,32.0,0
19101990121871,Los Padrinos Juvenile,Los Angeles,60.0,0
19101990121897,Central Juvenile Hall,Los Angeles,82.0,
19101990121905,"Kirby, Dorothy Camp",Los Angeles,6.0,0
19101990121921,Afflerbaugh-Paige Camp,Los Angeles,10.0,0
19101990121939,"Rockey, Glenn Camp",Los Angeles,3.0,0
19101990121947,"Miller, Fred C. Camp",Los Angeles,18.0,
19101990121954,"Kilpatrick, Vernon Camp",Los Angeles,20.0,0
19101990121970,"Gonzales, David Camp",Los Angeles,26.0,
19101990121988,"Scott, Joseph Camp",Los Angeles,10.0,
19101990121996,"Scudder, Kenyon Camp",Los Angeles,6.0,
19101990122002,"Munz, John Camp",Los Angeles,7.0,
19101990122010,"Mendenhall, William Camp",Los Angeles,7.0,
19101990122028,Onizuka Camp,Los Angeles,41.0,
19101990122036,McNair Camp,Los Angeles,11.0,
19101990122044,Jarvis Camp,Los Angeles,7.0,
19101990122051,Scobee Camp,Los Angeles,37.0,
19101990122069,Resnik Camp,Los Angeles,37.0,
19101990122077,Smith Camp,Los Angeles,1.0,
19101990123604,Phoenix Academy Residential,Los Angeles,9.0,
19101990123612,Pacific Lodge Residential,Los Angeles,27.0,
19101990127274,Westchester Secondary Charter,Los Angeles,16.0,
19101990127522,Optimist Charter,Los Angeles,20.0,
19101990134346,Intellectual Virtues Academy,Los Angeles,35.0,1
19101990135582,LA's Promise Charter High #1,Los Angeles,55.0,1
19101990136119,Animo City of Champions Charter High,Los Angeles,75.0,1
19101990137679,Magnolia Science Academy 5 (Los Angeles) [1],Los Angeles,5.0,1
19101990138669,Da Vinci RISE High,Los Angeles,61.0,1
19101990139345,School 19101990139345,,13.0,1
19101990140681,Environmental Charter High - Gardena,Los Angeles,109.0,1
19101990140756,School 19101990140756,,12.0,
19101991933399,L.A. Co. High School/Arts,Los Angeles,127.0,0
19101991995232,Special Education (Los Angeles),Los Angeles,199.0,
19101991995240,Juvenile Hall/Community (Los Angeles),Los Angeles,1.0,
19101991995257,Alternative Opportunity Prog,Los Angeles,40.0,
19101991995869,Intern. Polytechnic High,Los Angeles,114.0,0
19101991996008,Soledad Enrichment Action Cha,Los Angeles,123.0,
19101991996164,Antelope Valley Community Day,Los Angeles,4.0,
19101991996172,East Los Angeles Community Da,Los Angeles,43.0,
19101991996180,Eastern Community Day,Los Angeles,2.0,
19101991996198,Northwest Day,Los Angeles,40.0,
19101991996206,Southern Community Day,Los Angeles,40.0,
19101991996214,Renaissance Community Day,Los Angeles,64.0,0
19101991996222,Tri Community PAU,Los Angeles,65.0,
19101991996610,Los Angeles Leadership Acad Hs,Los Angeles,,1
19101996119945,Magnolia Science Academy,Los Angeles,90.0,1
19642120000000,School 19642120000000,,19.0,0
19642120000001,District Students in NPS (Los Angeles) [1],Los Angeles,,0
19642121930056,Cerritos High,Los Angeles,499.0,0
19642121930346,School 19642121930346,,,
19642121930361,Artesia High,Los Angeles,346.0,0
19642121931641,"Tracy High, Cont.",Los Angeles,147.0,0
19642121931880,Whitney (Gretchen) High,Los Angeles,174.0,0
19642121933159,Gahr (Richard) High,Los Angeles,408.0,0
19642121964212,Home/hospital and independent study (Los Angeles) [1],Los Angeles,,
19642121995596,"ABC Secondary, Altern.",Los Angeles,56.0,0
19642380000001,Alhambra City High Programs,Los Angeles,,
19642381930122,Century High (Cont),Los Angeles,167.0,
19642381930148,School 19642381930148,,,
19642381930163,Alhambra High (Los Angeles) [1],Los Angeles,640.0,
19642381934553,Mark Keppel High (Los Angeles) [1],Los Angeles,462.0,
19642381937697,San Gabriel High (Los Angeles) [1],Los Angeles,455.0,
19642381995430,Independence High (Alter),Los Angeles,191.0,
19642381996396,Alhambra SD Community Day,Los Angeles,2.0,
19642460000001,District Students in NPS (Los Angeles) [2],Los Angeles,,0
19642460100081,William J. (Pete) Knight High,Los Angeles,587.0,0
19642460101287,Desert Pathways,Los Angeles,14.0,
19642460108407,Eastside High,Los Angeles,658.0,0
19642460111872,SOAR High (Students On Academ,Los Angeles,168.0,0
19642460115337,Los Angeles County Online Hig,Los Angeles,132.0,
19642460126003,Academies of Antelope Valley,Los Angeles,31.0,1
19642461930171,School 19642461930171,,,
19642461930213,Antelope Valley High,Los Angeles,374.0,0
19642461931732,Desert Winds Continuation Hig,Los Angeles,361.0,0
19642461936624,Palmdale High,Los Angeles,552.0,0
19642461937051,Quartz Hill High,Los Angeles,794.0,0
19642461995398,Highland High (Los Angeles),Los Angeles,676.0,0
19642461995406,Littlerock High,Los Angeles,377.0,0
19642461995844,Lancaster High,Los Angeles,672.0,0
19642461995968,Phoenix High Community Day,Los Angeles,34.0,0
19642461996537,Desert Sands Charter,Los Angeles,74.0,1
19642461996644,R. Rex Parris High,Los Angeles,410.0,0
19642610000001,District Students in NPS (Los Angeles) [3],Los Angeles,,0
19642611930288,Arcadia High,Los Angeles,735.0,0
19642611995299,"Rancho Learning Ctr, Alt.",Los Angeles,15.0,0
19642611995760,School 19642611995760,,,
19642790000001,District Students in NPS (Los Angeles) [4],Los Angeles,,0
19642791930502,School 19642791930502,,,
19642791930528,Azusa High,Los Angeles,402.0,0
19642791931765,Sierra High (Los Angeles),Los Angeles,107.0,0
19642791933449,Gladstone High,Los Angeles,157.0,0
19642870000001,District Students in NPS (Los Angeles) [5],Los Angeles,,0
19642870114397,Opps. Learning-Baldwin Park II,Los Angeles,457.0,
19642871930601,Baldwin Park High,Los Angeles,315.0,0
19642871936384,North Park Continuation High,Los Angeles,161.0,0
19642871938166,Sierra Vista High (Los Angeles),Los Angeles,412.0,0
19642871964287,Home/hospital and independent study (Los Angeles) [2],Los Angeles,,
19642871995331,Baldwin Park Alternative,Los Angeles,8.0,
19642871996479,Opps. Learning-Baldwin Park,Los Angeles,675.0,1
19642950000001,District Students in NPS (Los Angeles) [6],Los Angeles,,0
19642951930700,Bassett Senior High,Los Angeles,187.0,0
19642951936491,Nueva Vista Continuation High (Los Angeles),Los Angeles,46.0,0
19643030000001,District Students in NPS (Los Angeles) [7],Los Angeles,,0
19643030128306,Las Flores Home Education Independent Study Academy,Los Angeles,9.0,0
19643031930759,School 19643031930759,,,
19643031930775,Bellflower High,Los Angeles,339.0,0
19643031935618,Mayfair High,Los Angeles,402.0,0
19643031938190,Somerset Continuation High,Los Angeles,129.0,0
19643031995679,Bellflower Alternative Ed. Ctr,Los Angeles,4.0,0
19643110000001,District Students in NPS (Los Angeles) [8],Los Angeles,,0
19643111930981,Beverly Hills High,Los Angeles,293.0,0
19643111931021,Moreno High (Continuation),Los Angeles,5.0,0
19643111964311,Home/hospital and independent study (Los Angeles) [3],Los Angeles,,
19643290000001,District Students in NPS (Los Angeles) [9],Los Angeles,,0
19643291931088,Bonita High,Los Angeles,478.0,0
19643291937598,Chaparral High (Continuation),Los Angeles,34.0,0
19643291937739,San Dimas High,Los Angeles,309.0,0
19643291995893,Vista (Alternative),Los Angeles,2.0,0
19643297066079,School 19643297066079,,,
19643297081268,School 19643297081268,,,
19643370000001,District Students in NPS (Los Angeles) [10],Los Angeles,,0
19643370115436,Off Campus Learning Center,Los Angeles,2.0,
19643370131573,Burbank Unified Independent Learning Academy (BUILA),Los Angeles,32.0,0
19643371931187,Burbank High,Los Angeles,614.0,0
19643371931237,Burroughs High (Los Angeles),Los Angeles,571.0,0
19643371933332,"Monterey High, Cont.",Los Angeles,96.0,0
19643371995877,Magnolia Park,Los Angeles,6.0,0
19643371996099,Options for Youth-Burbank,Los Angeles,188.0,
19643371996230,Burbank USD Community Day,Los Angeles,6.0,0
19643520000001,District Students in NPS (Los Angeles) [11],Los Angeles,,0
19643520101642,Media Art Academy,Los Angeles,20.0,
19643520118521,Centinela Valley Independent,Los Angeles,18.0,0
19643520128488,Family First Charter,Los Angeles,57.0,1
19643520128496,New Opportunities Charter,Los Angeles,86.0,1
19643520128900,School 19643520128900,,11.0,
19643521930239,Lloyde (R. K.) High,Los Angeles,217.0,0
19643521931609,School 19643521931609,,,
19643521933951,Hawthorne High,Los Angeles,419.0,0
19643521934926,Lawndale High,Los Angeles,351.0,0
19643521934983,Lennox High,Los Angeles,,
19643521935048,Leuzinger High,Los Angeles,495.0,0
19643780000001,District Students in NPS (Los Angeles) [12],Los Angeles,,0
19643781930312,"Arrow High, Cont.",Los Angeles,37.0,0
19643781931666,Charter Oak High,Los Angeles,315.0,0
19643781964378,Home/hospital and independent study (Los Angeles) [4],Los Angeles,,
19643781995885,Oak Knoll Alternative,Los Angeles,11.0,0
19643781995927,Bridges Community Day (Los Angeles),Los Angeles,5.0,0
19643940000001,District Students in NPS (Los Angeles) [13],Los Angeles,,0
19643941931807,"San Antonio High, Cont.",Los Angeles,30.0,0
19643941931823,Claremont High,Los Angeles,516.0,0
19643941932219,School 19643941932219,,,
19643941996297,Community Day (Los Angeles),Los Angeles,7.0,
19644360000001,District Students in NPS (Los Angeles) [14],Los Angeles,,0
19644360140525,School 19644360140525,,18.0,0
19644361931617,"Fairvalley High, Cont.",Los Angeles,125.0,0
19644361932086,Covina High,Los Angeles,264.0,0
19644361936418,Northview High,Los Angeles,312.0,0
19644361938372,South Hills High,Los Angeles,392.0,0
19644361995562,"Ranger High, Alter.",Los Angeles,19.0,
19644440000001,District Students in NPS (Los Angeles) [15],Los Angeles,,0
19644440128322,Culver City Unified School District iAcademy,Los Angeles,6.0,
19644441930031,Culver City Independent,Los Angeles,36.0,
19644441932201,Culver City High,Los Angeles,503.0,0
19644441932656,Culver Park High,Los Angeles,13.0,0
19644441996255,Culver City Community Day,Los Angeles,1.0,
19644510000001,District Students in NPS (Los Angeles) [16],Los Angeles,,0
19644510141093,School 19644510141093,,25.0,
19644511931625,Columbus Continuation,Los Angeles,212.0,0
19644511932441,Downey High,Los Angeles,1013.0,0
19644511937119,Rancho Los Amigos Hospita,Los Angeles,2.0,
19644511939164,Warren High,Los Angeles,902.0,0
19644511964451,School 19644511964451,,,
19644690000001,District Students in NPS (Los Angeles) [17],Los Angeles,,0
19644690128736,Opportunities for Learning - Duarte,Los Angeles,31.0,1
19644690134858,California School of the Arts - San Gabriel Valley,Los Angeles,244.0,1
19644690139535,"Options For Youth - Duarte, Inc",Los Angeles,58.0,1
19644691932482,Duarte High,Los Angeles,189.0,0
19644691936079,Mt. Olive Alt Education,Los Angeles,39.0,0
19644691964469,Home/hospital and independent study (Los Angeles) [5],Los Angeles,,
19645190000001,District Students in NPS (Los Angeles) [18],Los Angeles,13.0,0
19645191930320,Arroyo High (Los Angeles),Los Angeles,410.0,0
19645191932649,El Monte/Rosemead Adult,Los Angeles,,
19645191932664,El Monte High,Los Angeles,346.0,0
19645191932680,Mountain View High (Los Angeles),Los Angeles,281.0,0
19645191937481,Rosemead High,Los Angeles,423.0,0
19645191938919,Fernando R. Ledesma Continuat,Los Angeles,196.0,0
19645191995661,South El Monte High,Los Angeles,281.0,0
19645191996123,El Monte Union Community Day,Los Angeles,21.0,0
19645270000000,School 19645270000000,,21.0,0
19645270000001,District Students in NPS (Los Angeles) [19],Los Angeles,,0
19645270118547,Eugene A. Obregon,Los Angeles,5.0,
19645270118612,El Rancho Alternative Educatio,Los Angeles,,
19645270133835,Ellen Ochoa Prep Academy,Los Angeles,64.0,
19645271932698,Salazar (Ruben) Continuation,Los Angeles,112.0,0
19645271932706,El Rancho High,Los Angeles,499.0,0
19645271932722,School 19645271932722,,,
19645271964527,Home/hospital and independent study (Los Angeles) [6],Los Angeles,32.0,
19645350000001,District Students in NPS (Los Angeles) [20],Los Angeles,,0
19645351930353,Arena High (Continuation),Los Angeles,20.0,0
19645351932763,El Segundo High,Los Angeles,308.0,0
19645680000001,District Students in NPS (Los Angeles) [21],Los Angeles,12.0,0
19645681932144,Crescenta Valley High,Los Angeles,656.0,0
19645681933472,"Daily (Allan F.) High, Cont.",Los Angeles,158.0,0
19645681933530,Glendale High,Los Angeles,516.0,0
19645681934082,Herbert Hoover High (Los Angeles),Los Angeles,398.0,0
19645681995497,Verdugo Academy,Los Angeles,35.0,0
19645681996131,Clark (A.W.) Magnet High,Los Angeles,284.0,0
19645681996156,Jewel City Community Day,Los Angeles,,0
19645686099022,College View,Los Angeles,8.0,0
19645760000001,District Students in NPS (Los Angeles) [22],Los Angeles,,0
19645761933597,Glendora High,Los Angeles,517.0,0
19645761939677,Whitcomb Continuation High,Los Angeles,33.0,0
19645841996305,Gorman Learning Center,Los Angeles,106.0,1
19645841996677,Lifeline Education Charter (Los Angeles) [1],Los Angeles,46.0,
19645920100354,Hawthorne Math and Science Ac,Los Angeles,142.0,1
19645920118505,Academy for Recording Arts,Los Angeles,61.0,
19646000120543,Opps. Learning-Hermosa Beach,Los Angeles,240.0,
19646000120550,Options for Youth-Hermosa Bea,Los Angeles,73.0,
19646340000001,District Students in NPS (Los Angeles) [23],Los Angeles,12.0,0
19646341934215,School 19646341934215,,,
19646341934231,Inglewood High,Los Angeles,189.0,0
19646341934249,Hillcrest High (Los Angeles),Los Angeles,52.0,0
19646341936046,Morningside High,Los Angeles,102.0,0
19646341996529,City Honors College Preparato,Los Angeles,83.0,1
19646341996586,Animo Inglewood Charter High (Los Angeles) [1],Los Angeles,148.0,1
19646420136127,Sage Oak Charter School- Keppel,Los Angeles,3.0,1
19646590000001,District Students in NPS (Los Angeles) [24],Los Angeles,,0
19646591934611,La Canada High,Los Angeles,335.0,0
19646591995950,Foothills (Special Educat,Los Angeles,2.0,
19646830000001,District Students in NPS (Los Angeles) [25],Los Angeles,,0
19646831930080,Agoura High,Los Angeles,427.0,0
19646831931260,Indian Hills Continuation High,Los Angeles,11.0,
19646831931781,Calabasas High,Los Angeles,427.0,0
19646911996438,Environmental Charter High,Los Angeles,122.0,1
19647090100602,"Lennox Mathematics, Science a",Los Angeles,147.0,1
19647091996313,Animo Leadership High,Los Angeles,158.0,1
19647250000000,School 19647250000000,,13.0,0
19647250000001,District Students in NPS (Los Angeles) [26],Los Angeles,28.0,0
19647250101741,Select Community Day (Seconda,Los Angeles,1.0,
19647250115378,Rosie the Riveter Charter High,Los Angeles,10.0,
19647250115683,MATTIE Academy,Los Angeles,15.0,
19647250118471,Colegio New City,Los Angeles,13.0,
19647250125153,Beach High-ILP,Los Angeles,32.0,
19647250127381,Ernest S. McBride Sr. High School,Los Angeles,170.0,0
19647250131938,Clear Passage Educational Center,Los Angeles,8.0,1
19647250132324,Eunice Sato Academy of Math & Science,Los Angeles,138.0,0
19647250132381,Helen Keller Middle,Los Angeles,,0
19647250135525,Richard D. Browning High,Los Angeles,75.0,0
19647251930411,Avalon (K-12),Los Angeles,39.0,0
19647251934470,Jordan High,Los Angeles,568.0,0
19647251934678,Lakewood High,Los Angeles,576.0,0
19647251935188,Long Beach Adult,Los Angeles,,
19647251935758,Millikan High,Los Angeles,852.0,0
19647251936947,Polytechnic High (Los Angeles),Los Angeles,972.0,0
19647251937176,Reid High,Los Angeles,101.0,0
19647251939875,Wilson High,Los Angeles,837.0,0
19647251964725,Home/hospital and independent study (Los Angeles) [7],Los Angeles,,
19647251995362,School 19647251995362,,,
19647251995539,Calif Acad Math and Science,Los Angeles,168.0,0
19647251995570,Educational Partnership High,Los Angeles,524.0,0
19647251995851,Savannah Academy,Los Angeles,,
19647251995935,Cabrillo High (Los Angeles),Los Angeles,413.0,0
19647251996339,Premiere Education Charter,Los Angeles,116.0,
19647251996362,Pacific Learning Center,Los Angeles,39.0,
19647251996461,Promise Academy,Los Angeles,72.0,
19647251996503,Renaissance High for the Arts,Los Angeles,99.0,0
19647330000001,District Students in NPS (Los Angeles) [27],Los Angeles,329.0,0
19647330100677,High Tech LA,Los Angeles,90.0,1
19647330100750,Wallis Annenberg High,Los Angeles,121.0,1
19647330100776,North Valley Charter,Los Angeles,46.0,
19647330100800,Central City Value,Los Angeles,119.0,1
19647330101196,View Park Prep High,Los Angeles,78.0,1
19647330101329,W J Johnston Community Day,Los Angeles,8.0,0
19647330101659,Crenshaw Arts/Tech CharterHigh,Los Angeles,31.0,1
19647330101675,Animo Oscar De La Hoya Charte,Los Angeles,129.0,1
19647330101683,Renaissance Arts Academy,Los Angeles,44.0,1
19647330101691,Leap,Los Angeles,24.0,
19647330102137,Aggeler Community Day,Los Angeles,30.0,0
19647330102350,Renaissance Academy Charter H,Los Angeles,11.0,
19647330102434,Animo South Los Angeles Chart,Los Angeles,128.0,1
19647330102541,New Designs Charter,Los Angeles,110.0,1
19647330102764,Alonzo Community Day,Los Angeles,61.0,0
19647330102913,Middle College High (Los Angeles),Los Angeles,90.0,0
19647330102921,Harbor Teacher Preparation Ac,Los Angeles,113.0,0
19647330106351,Ivy Academia,Los Angeles,19.0,1
19647330106435,Camino Nuevo Charter High,Los Angeles,65.0,
19647330106831,Animo Venice Charter High,Los Angeles,84.0,1
19647330106849,Animo Pat Brown,Los Angeles,154.0,1
19647330106856,Southern California School of,Los Angeles,,
19647330106864,Alliance Gertz-Ressler High,Los Angeles,145.0,1
19647330106997,Orthopaedic Hospital,Los Angeles,163.0,0
19647330107003,Northridge Academy High,Los Angeles,208.0,0
19647330107011,International Studies Learnin,Los Angeles,109.0,0
19647330107755,Port of Los Angeles High,Los Angeles,229.0,1
19647330108878,CHAMPS - Charter HS of Arts-M,Los Angeles,106.0,1
19647330108894,Alliance Burton Tchnology Acad,Los Angeles,154.0,1
19647330108928,Larchmont Charter,Los Angeles,146.0,1
19647330108936,Alliance Huntington Park Coll,Los Angeles,158.0,1
19647330109447,Santee Education Complex,Los Angeles,396.0,0
19647330109454,South East High,Los Angeles,498.0,0
19647330109462,Maywood Academy High,Los Angeles,253.0,0
19647330109512,Cal Burke High,Los Angeles,38.0,0
19647330109553,CA Academy for Liberal Studie,Los Angeles,46.0,
19647330109876,Community Charter Early Colle,Los Angeles,83.0,
19647330109918,Opportunities Unlimited (Los Angeles) [2],Los Angeles,30.0,
19647330109926,Academia Avance Charter (Los Angeles) [2],Los Angeles,,
19647330109942,Los Angeles International,Los Angeles,44.0,
19647330110304,LA Acad of Arts & Enterprise,Los Angeles,37.0,1
19647330110668,Frida Kahlo High,Los Angeles,30.0,0
19647330111484,New Village Charter High,Los Angeles,22.0,1
19647330111492,Alliance College-Ready Acad#5,Los Angeles,151.0,1
19647330111500,Alliance Dr. Olga Mohan High,Los Angeles,114.0,1
19647330111575,Animo Ralph Bunche High,Los Angeles,133.0,1
19647330111583,Animo Jackie Robinson High,Los Angeles,152.0,1
19647330111591,Animo Justice Charter High,Los Angeles,76.0,
19647330111609,Animo Film and Theater Arts C,Los Angeles,18.0,
19647330111617,Animo Locke Technology High,Los Angeles,112.0,
19647330111625,Animo Watts Charter High,Los Angeles,136.0,1
19647330111641,Alliance William and Carol Ou,Los Angeles,148.0,1
19647330111658,Alliance Marc & Eva Stern Mat,Los Angeles,140.0,1
19647330112029,Miguel Contreras Learning,Los Angeles,98.0,0
19647330112037,East Valley Sr. High,Los Angeles,140.0,0
19647330112045,Arleta High,Los Angeles,260.0,0
19647330112052,Panorama High,Los Angeles,329.0,0
19647330112128,Aspire Centennial College Pre,Los Angeles,,
19647330112508,Bright Star Secondary Charter,Los Angeles,139.0,1
19647330112540,Lou Dantzler Preparatory Char,Los Angeles,80.0,
19647330112557,Frederick Douglass High,Los Angeles,69.0,
19647330112847,"Arleta High School of Science,",Los Angeles,74.0,
19647330112854,Jordan New Technology High,Los Angeles,4.0,
19647330112862,Student Empowerment Academy,Los Angeles,46.0,
19647330112870,Los Angeles School of Global,Los Angeles,58.0,0
19647330114850,West Adams Preparatory High,Los Angeles,236.0,0
19647330114942,Alliance College-Ready Acad#7,Los Angeles,80.0,
19647330115030,Magnolia Science Academy 3 (Los Angeles) [2],Los Angeles,38.0,
19647330115121,Design High,Los Angeles,,
19647330115212,Magnolia Science Academy 2 (Los Angeles) [2],Los Angeles,33.0,
19647330115253,Discovery Charter Prep No. 2,Los Angeles,52.0,1
19647330115279,Thurgood Marshall Charter High,Los Angeles,1.0,
19647330115295,Fernando Pullum Performing Art,Los Angeles,,
19647330116509,Alliance Media Arts and Enter,Los Angeles,112.0,1
19647330116954,Jack London Community Day,Los Angeles,9.0,0
19647330117051,Edward R. Roybal Learning Cen,Los Angeles,282.0,0
19647330117069,Helen Bernstein High,Los Angeles,176.0,0
19647330117077,APEX Academy,Los Angeles,79.0,
19647330117317,Legacy Charter High,Los Angeles,,
19647330117598,Alliance Health Services Acad,Los Angeles,108.0,1
19647330117606,Alliance Environmental Scienc,Los Angeles,74.0,1
19647330117622,Magnolia Science Academy 4,Los Angeles,19.0,1
19647330117630,Magnolia Science Academy 5 (Los Angeles) [2],Los Angeles,6.0,
19647330117721,Academic Leadership Community,Los Angeles,98.0,0
19647330117739,CIVITAS School of Leadership,Los Angeles,62.0,
19647330117747,Los Angeles High School of th,Los Angeles,108.0,0
19647330117754,Los Angeles Teachers Prep Acad,Los Angeles,36.0,
19647330117762,School for the VA & Humanities,Los Angeles,128.0,0
19647330117911,New Millennium Secondary,Los Angeles,38.0,1
19647330118158,Anahuacalmecac Int'l Prep High,Los Angeles,8.0,
19647330118570,Animo Locke High #3,Los Angeles,,
19647330118588,Animo Locke High #1,Los Angeles,290.0,1
19647330118596,Animo Locke High #2,Los Angeles,227.0,
19647330119651,Sun Valley High,Los Angeles,90.0,
19647330119685,New Open World Academy,Los Angeles,93.0,0
19647330119693,UCLA Community,Los Angeles,106.0,0
19647330119719,School of Engineering and Tech,Los Angeles,97.0,
19647330119727,Ramon C. Cortines School of V,Los Angeles,276.0,0
19647330119909,Animo Locke ACE Academy,Los Angeles,,
19647330119966,School of Math and Science,Los Angeles,174.0,0
19647330120071,New Designs Charter-Watts,Los Angeles,45.0,1
19647330120360,Daniel Pearl Jour & Com Magnet,Los Angeles,46.0,0
19647330120808,Dorothy V. Johnson Comm. Day,Los Angeles,21.0,0
19647330121095,Ambassador School of Global,Los Angeles,73.0,0
19647330121285,Alliance Simon Technology Acad,Los Angeles,118.0,1
19647330121293,Alliance Tennenbaum Fam Tec HS,Los Angeles,44.0,1
19647330122275,Academy of ESP,Los Angeles,64.0,
19647330122283,School of Law & Government,Los Angeles,123.0,
19647330122291,Humanitas Art Sch at Roosevelt,Los Angeles,121.0,
19647330122309,STEM High,Los Angeles,131.0,
19647330122325,Acad of MHS at Roosevelt High,Los Angeles,123.0,
19647330122333,MST Magnet Academy,Los Angeles,134.0,0
19647330122341,East LA Performing Arts #1,Los Angeles,61.0,0
19647330122358,"Humanitas Academy, Art & Tech.",Los Angeles,100.0,0
19647330122366,SJL at Esteban Torres High#5,Los Angeles,30.0,0
19647330122374,East LA Renaissance Academy,Los Angeles,82.0,0
19647330122382,Engineering & Tech Acad. #3,Los Angeles,66.0,0
19647330122416,Barack Obama Global Prep,Los Angeles,17.0,0
19647330122598,Triumph Charter High,Los Angeles,51.0,
19647330122606,Lakeview Charter High,Los Angeles,111.0,1
19647330122721,Aspire Pacific Academy,Los Angeles,74.0,1
19647330122762,Los Angeles Big Picture High,Los Angeles,14.0,
19647330122861,Camino Nuevo Academy #2,Los Angeles,,1
19647330123133,Alliance Smidt Technology HS,Los Angeles,60.0,1
19647330123141,Alliance College-Ready Acad#16,Los Angeles,121.0,1
19647330124222,Rise Kohyang Middle,Los Angeles,,1
19647330124362,Valley Academy of Arts and Sc,Los Angeles,189.0,0
19647330124370,"Arts, Theatre, Entertainment",Los Angeles,75.0,0
19647330124388,Social Justice Humanitas,Los Angeles,104.0,0
19647330124396,Academy of Scientific Explora,Los Angeles,109.0,0
19647330124404,Teacher Preparation Acad #5F,Los Angeles,70.0,0
19647330124412,Los Angeles River,Los Angeles,100.0,0
19647330124420,Schl - History & Dramatic Arts,Los Angeles,71.0,
19647330124438,ARTLAB @ Sotomayor,Los Angeles,44.0,
19647330124461,Angelou HS Global Issues Acad,Los Angeles,80.0,
19647330124479,Angelou HS Fine Arts Acad.,Los Angeles,243.0,0
19647330124487,Public Svs South Region HS#2,Los Angeles,114.0,0
19647330124495,Comm & Tech-SRH#2B,Los Angeles,126.0,0
19647330124503,Green Design So Region HS#2C,Los Angeles,123.0,0
19647330124511,Performing Arts Comm SRH#2,Los Angeles,124.0,0
19647330124529,Rancho Dominguez Preparatory,Los Angeles,115.0,0
19647330124560,Synergy Quantum Academy,Los Angeles,141.0,1
19647330124818,LA Leadership Primary Academy,Los Angeles,,1
19647330124883,Animo College Preparatory Acad,Los Angeles,87.0,
19647330124891,Alliance Luskin Academy HS,Los Angeles,131.0,1
19647330124933,Early College Academy for Lea,Los Angeles,49.0,1
19647330124941,Alliance Margaret M. Bloomfield Technology Academy High,Los Angeles,141.0,1
19647330125864,USC Hybrid High,Los Angeles,130.0,1
19647330125963,Lema,Los Angeles,55.0,
19647330125989,Stem,Los Angeles,124.0,0
19647330126136,Math and Science College Preparatory,Los Angeles,139.0,1
19647330126185,Acad of Science and Engineer,Los Angeles,61.0,
19647330126474,Hilda L. Solis Academy,Los Angeles,42.0,0
19647330126482,Augustus F. Hawkins High (A),Los Angeles,280.0,0
19647330126490,Augustus F. Hawkins High (B),Los Angeles,100.0,
19647330126508,Augustus F. Hawkins High (C),Los Angeles,84.0,
19647330126516,Linda Esperanza Marquez High A,Los Angeles,182.0,0
19647330126524,Linda Esperanza Marquez (B),Los Angeles,154.0,0
19647330126532,Linda Esperanza Marquez (C),Los Angeles,135.0,0
19647330126540,South Region High #9A,Los Angeles,131.0,0
19647330126557,South Region High #9B,Los Angeles,92.0,0
19647330126565,South Region High #12A,Los Angeles,,
19647330126573,South Region High #12B,Los Angeles,146.0,0
19647330126615,AEE at Carson High,Los Angeles,118.0,0
19647330126623,AMA at Carson High,Los Angeles,110.0,0
19647330127217,Alliance Alice M. Baxter College-Ready High,Los Angeles,64.0,
19647330127787,Humanities and Arts (HARTS) Academy of Los Angeles,Los Angeles,102.0,0
19647330127795,Contreras Learning Center-School of Social Justice,Los Angeles,82.0,0
19647330127803,Early College Academy-LA Trade Tech College,Los Angeles,68.0,0
19647330127852,Executive Preparatory Academy of Finance,Los Angeles,62.0,
19647330127878,Pathways Community,Los Angeles,109.0,
19647330127894,Valor Academy Charter High,Los Angeles,123.0,1
19647330127910,Camino Nuevo High #2,Los Angeles,118.0,1
19647330129536,"Boyle Heights Science, Technology, Engineering and Math Magnet",Los Angeles,51.0,0
19647330129585,NAVA College Preparatory Academy,Los Angeles,150.0,0
19647330129627,TEACH Tech Charter High,Los Angeles,63.0,1
19647330129775,Banning Academies of Creative and Innovative Scien,Los Angeles,149.0,
19647330130997,Sylmar Biotech Health and Engineering Magnet,Los Angeles,55.0,0
19647330131821,Collegiate Charter High School of Los Angeles,Los Angeles,32.0,1
19647330132027,University Preparatory Value High,Los Angeles,123.0,1
19647330132084,Alliance Marine - Innovation and Technology 6-12 Complex,Los Angeles,48.0,1
19647330132126,Bert Corona Charter High,Los Angeles,52.0,1
19647330132282,Ednovate - East College Prep,Los Angeles,78.0,1
19647330132928,Anahuacalmecac International University Preparatory of North America (Los Angeles) [1],Los Angeles,18.0,1
19647330133272,PUC Triumph Charter Academy and PUC Triumph Charter High,Los Angeles,108.0,1
19647330133280,PUC Nueva Esperanza Charter Academy,Los Angeles,41.0,1
19647330133298,PUC CALS Middle School and Early College High,Los Angeles,44.0,1
19647330133603,"Girls Academic Leadership Academy, Dr. Michelle King School for Sci, Tech, Eng and Math",Los Angeles,95.0,0
19647330133736,Science Academy STEM Magnet,Los Angeles,65.0,0
19647330133868,Rise Kohyang High,Los Angeles,118.0,1
19647330135632,WISH Academy High,Los Angeles,71.0,1
19647330135681,Horace Mann UCLA Community,Los Angeles,38.0,0
19647330135715,Ednovate - Esperanza College Prep,Los Angeles,129.0,1
19647330135723,Ednovate - Brio College Prep,Los Angeles,125.0,1
19647330135855,Maywood Center for Enriched Studies,Los Angeles,187.0,0
19647330135996,School 19647330135996,,15.0,0
19647330137083,University Pathways Medical Magnet Academy,Los Angeles,43.0,0
19647330137091,University Pathways Public Service Academy,Los Angeles,76.0,0
19647330137562,Matrix for Success Academy,Los Angeles,64.0,1
19647330137612,Valley International Preparatory High,Los Angeles,57.0,1
19647330139055,School 19647330139055,,20.0,
19647330140046,Valley Oaks Ctr Enriched Stds,Los Angeles,57.0,0
19647330140129,Ednovate - South LA College Prep,Los Angeles,98.0,1
19647330141523,School 19647330141523,,87.0,0
19647330141531,School 19647330141531,,92.0,0
19647330141549,School 19647330141549,,104.0,0
19647330141556,Steam Virtual Academy,Los Angeles,88.0,0
19647330141564,Leadership&public Svc Virtual Aca,Los Angeles,99.0,0
19647330141572,School 19647330141572,,102.0,0
19647330141630,Iovine & Young Center Idte Magnet,Los Angeles,26.0,0
19647331930064,Aggeler (William Tell) Op,Los Angeles,10.0,0
19647331930114,School 19647331930114,,,
19647331930296,Newmark (Harris) Continuation,Los Angeles,38.0,0
19647331930387,Central High (Los Angeles),Los Angeles,105.0,0
19647331930403,Whitney Young Continuation,Los Angeles,8.0,0
19647331930429,View Park Continuation,Los Angeles,18.0,0
19647331930486,Moneta Continuation,Los Angeles,6.0,0
19647331930551,San Antonio Continuation,Los Angeles,23.0,0
19647331930577,Pueblo de Los Angeles Continu,Los Angeles,32.0,0
19647331930619,Harold McAlister High (Opport,Los Angeles,20.0,0
19647331930650,Phineas Banning Senior High,Los Angeles,606.0,0
19647331930692,Riley (Thomas) High,Los Angeles,8.0,0
19647331930734,"Angel's Gate, Cont.",Los Angeles,19.0,0
19647331930783,Phoenix Continuation,Los Angeles,1.0,0
19647331930791,Mt. Lukens Continuation,Los Angeles,9.0,0
19647331930841,North Valley Occupational Cent,Los Angeles,,
19647331930866,Bell Senior High,Los Angeles,522.0,0
19647331930908,Belmont Community Adult,Los Angeles,,
19647331930924,Belmont Senior High,Los Angeles,154.0,0
19647331930940,John R. Wooden High,Los Angeles,14.0,0
19647331930957,School 19647331930957,,,
19647331930973,Rodia (Simon) Continuation,Los Angeles,62.0,0
19647331930999,Indian Springs Continuation,Los Angeles,4.0,
19647331931047,Birmingham Community Charter,Los Angeles,790.0,1
19647331931054,Westside Leadership Magnet,Los Angeles,20.0,0
19647331931070,Mid City Prescott of Enriched,Los Angeles,24.0,0
19647331931278,Friedman (Abraham) Occupational,Los Angeles,,
19647331931336,Cheviot Hills Continuation,Los Angeles,18.0,0
19647331931344,School 19647331931344,,,
19647331931351,Del Rey Continuation,Los Angeles,1.0,
19647331931377,Earhart (Amelia) Continuation,Los Angeles,8.0,0
19647331931385,Einstein (Albert) Cont.,Los Angeles,16.0,0
19647331931393,Highland Park Continuation,Los Angeles,15.0,0
19647331931401,School 19647331931401,,,
19647331931419,Leonis (Miguel) Continuation,Los Angeles,6.0,
19647331931427,School 19647331931427,,,
19647331931435,Lewis (Robert H.) Continuation,Los Angeles,21.0,0
19647331931450,Jack London Continuation,Los Angeles,19.0,0
19647331931468,Metropolitan Continuation,Los Angeles,14.0,0
19647331931476,Canoga Park Senior High,Los Angeles,347.0,0
19647331931484,Mission Continuation,Los Angeles,26.0,0
19647331931500,Owensmouth Continuation,Los Angeles,22.0,0
19647331931518,George S. Patton Continuation,Los Angeles,16.0,0
19647331931526,Carson Senior High,Los Angeles,352.0,0
19647331931534,Rogers (Will) Continuation,Los Angeles,41.0,0
19647331931559,Stoney Point Continuation,Los Angeles,23.0,0
19647331931575,Truth (Sojourner) Continuation,Los Angeles,4.0,
19647331931583,Kirk Douglas,Los Angeles,24.0,
19647331931591,School 19647331931591,,,
19647331931633,Diane S. Leichman Special Edu,Los Angeles,53.0,0
19647331931658,Lanterman (Frank D.),Los Angeles,30.0,
19647331931682,Zane Grey Continuation,Los Angeles,25.0,0
19647331931690,Independence Continuation (Los Angeles),Los Angeles,32.0,0
19647331931708,Chatsworth Senior High,Los Angeles,436.0,1
19647331931716,Valley Alternative Magnet,Los Angeles,45.0,0
19647331931856,Whitman Continuation,Los Angeles,43.0,0
19647331931864,Grover Cleveland High,Los Angeles,680.0,1
19647331931930,Avalon Continuation,Los Angeles,25.0,0
19647331931955,"Ellington (Duke) High, Cont.",Los Angeles,13.0,0
19647331931971,Hope (John) Continuation,Los Angeles,13.0,0
19647331931989,Monterey Continuation,Los Angeles,15.0,0
19647331931997,Odyssey Continuation,Los Angeles,14.0,0
19647331932029,Cooper High (Opportunity),Los Angeles,12.0,
19647331932128,Crenshaw Senior High,Los Angeles,227.0,0
19647331932169,Temescal Cnyn Cont,Los Angeles,16.0,
19647331932250,Thoreau (Henry David) Continua,Los Angeles,11.0,0
19647331932318,Eagle Tree Continuation,Los Angeles,57.0,0
19647331932334,Addams (Jane) Cont. High,Los Angeles,41.0,0
19647331932342,Evergreen Continuation,Los Angeles,14.0,0
19647331932383,Susan Miller Dorsey Senior Hi,Los Angeles,213.0,0
19647331932391,West Hollywood Opportunity,Los Angeles,11.0,
19647331932458,East Los Angeles Skills Center,Los Angeles,,
19647331932466,School 19647331932466,,,
19647331932490,School 19647331932490,,,
19647331932508,Metropolitan Skill Center,Los Angeles,,
19647331932540,Eagle Rock High,Los Angeles,368.0,0
19647331932623,El Camino Real Charter High,Los Angeles,762.0,1
19647331932821,Boyle Heights Continuation,Los Angeles,8.0,0
19647331932847,Los Angeles Center for Enrich,Los Angeles,198.0,0
19647331932888,Downtown Business High,Los Angeles,205.0,0
19647331932920,Fairfax Senior High,Los Angeles,374.0,0
19647331932987,John H. Francis Polytechnic,Los Angeles,531.0,0
19647331933001,King/Drew Medical Magnet High,Los Angeles,345.0,0
19647331933027,Franklin (Benjamin) Community,Los Angeles,,
19647331933043,Benjamin Franklin Senior High,Los Angeles,296.0,0
19647331933092,Fremont (John C.) Community Adult,Los Angeles,,
19647331933118,John C. Fremont Senior High,Los Angeles,472.0,0
19647331933191,Cleveland Humanities Magnet,Los Angeles,,
19647331933233,Sherman Oaks Center for Enric,Los Angeles,228.0,0
19647331933241,Gardena Senior High,Los Angeles,336.0,0
19647331933282,Johnson (Dorothy V.) Oppo,Los Angeles,6.0,
19647331933290,George Kiriyama Comm Adult Sch,Los Angeles,,
19647331933365,Garfield (James A.) Community,Los Angeles,,
19647331933381,James A. Garfield Senior High,Los Angeles,559.0,0
19647331933746,Granada Hills Charter High,Los Angeles,1154.0,1
19647331933795,Ulysses S. Grant Senior High,Los Angeles,444.0,0
19647331933852,Alexander Hamilton Senior Hig,Los Angeles,514.0,0
19647331934017,School 19647331934017,,,
19647331934033,Hollywood Senior High,Los Angeles,256.0,0
19647331934132,Huntington Park/Bell Community Adult,Los Angeles,,
19647331934157,Huntington Park Senior High,Los Angeles,370.0,0
19647331934371,Thomas Jefferson Senior High,Los Angeles,141.0,0
19647331934439,School 19647331934439,,,
19647331934454,David Starr Jordan Senior Hig,Los Angeles,199.0,0
19647331935121,Abraham Lincoln Senior High,Los Angeles,228.0,0
19647331935154,Alain Leroy Locke High,Los Angeles,119.0,
19647331935303,Los Angeles Community Adult,Los Angeles,,
19647331935352,Los Angeles Senior High,Los Angeles,244.0,0
19647331935493,Manual Arts-Crenshaw Community Adult,Los Angeles,,
19647331935519,Manual Arts Senior High,Los Angeles,250.0,0
19647331935568,John Marshall Senior High,Los Angeles,460.0,0
19647331935717,Joaquin Miller Career and Tra,Los Angeles,153.0,0
19647331935865,James Monroe High,Los Angeles,476.0,0
19647331936160,Nathaniel Narbonne Senior Hig,Los Angeles,387.0,0
19647331936350,North Hollywood Senior High,Los Angeles,611.0,0
19647331937085,Ramona Opportunity High,Los Angeles,6.0,0
19647331937200,School 19647331937200,,,
19647331937226,Reseda Senior High,Los Angeles,277.0,1
19647331937408,Roosevelt Community Adult,Los Angeles,,
19647331937424,School of CNMT at Roosevelt,Los Angeles,420.0,0
19647331937622,San Fernando Senior High,Los Angeles,402.0,0
19647331937812,School 19647331937812,,,
19647331937838,San Pedro Senior High,Los Angeles,600.0,0
19647331938281,School 19647331938281,,,
19647331938307,South Gate Senior High,Los Angeles,420.0,0
19647331938554,Sylmar Senior High,Los Angeles,366.0,1
19647331938612,William Howard Taft Senior Hi,Los Angeles,555.0,1
19647331938885,University Senior High,Los Angeles,346.0,1
19647331938968,Van Nuys Senior High,Los Angeles,492.0,0
19647331939024,Venice Community Adult,Los Angeles,,
19647331939040,Venice Senior High,Los Angeles,573.0,0
19647331939107,Verdugo Hills Senior High,Los Angeles,299.0,0
19647331939305,George Washington Preparatory,Los Angeles,184.0,0
19647331939453,School 19647331939453,,,
19647331939479,WESM Health/Sports Medicine,Los Angeles,220.0,0
19647331939784,Joseph Pomeroy Widney High,Los Angeles,284.0,0
19647331939859,Woodrow Wilson Senior High,Los Angeles,315.0,0
19647331939941,John F. Kennedy High (Los Angeles),Los Angeles,538.0,0
19647331964733,School 19647331964733,,91.0,
19647331995448,Francisco Bravo Medical Magne,Los Angeles,374.0,0
19647331995455,Middle College High (Alte,Los Angeles,70.0,
19647331995489,Los Angeles Unified Alt Ed,Los Angeles,268.0,
19647331995794,Youth Opportunities Unlim,Los Angeles,74.0,0
19647331995836,Palisades Charter Hi Alt,Los Angeles,730.0,1
19647331996073,Tri-C Community Day,Los Angeles,23.0,0
19647331996115,City of Angels,Los Angeles,224.0,0
19647331996594,Discovery Charter,Los Angeles,73.0,
19647331996610,Los Angeles Leadership Acad,Los Angeles,42.0,1
19647331996636,Community Harvest Charter,Los Angeles,40.0,
19647331996651,CDS Secondary,Los Angeles,14.0,0
19647331996669,Harbor Teacher Prep.,Los Angeles,,
19647336016885,Elizabeth Learning Center,Los Angeles,146.0,0
19647336019475,Thirty-Second St. Perf. Arts,Los Angeles,66.0,0
19647336019715,Vaughn Next Century Learning,Los Angeles,150.0,1
19647336058002,Robert Fulton College Prepara,Los Angeles,151.0,0
19647336060461,Charles Leroy Lowman Special,Los Angeles,20.0,0
19647336060495,Benjamin Banneker Special Edu,Los Angeles,16.0,0
19647336060503,Willenberg (Ernest P.) Special,Los Angeles,77.0,0
19647336060511,James J. McBride Special Educ,Los Angeles,47.0,0
19647336060529,Marlton,Los Angeles,24.0,0
19647336060545,Alphonso B. Perez Special Edu,Los Angeles,48.0,0
19647336060578,Sven Lokrantz Special Educati,Los Angeles,15.0,0
19647336061451,Foshay Learning Center,Los Angeles,178.0,0
19647336061600,Sun Valley Middle,Los Angeles,102.0,0
19647336062699,Walter Reed Middle,Los Angeles,,0
19647336069157,Berenece Carlson Home Hospita,Los Angeles,91.0,0
19647336116750,Community Charter Middle,Los Angeles,104.0,1
19647336117048,View Park Prep Elem,Los Angeles,,1
19647336118194,California Academy for Libera,Los Angeles,,
19647336119929,Xinaxcalmecac Academia SDP,Los Angeles,13.0,
19647336119945,Magnolia Science,Los Angeles,68.0,
19647336120158,New West Charter School,Los Angeles,,1
19647336935027,Junipero Serra High,Los Angeles,,
19647337093487,School 19647337093487,,12.0,
19647337102015,School 19647337102015,,14.0,
19647337102908,School 19647337102908,,13.0,
19647740000001,District Students in NPS (Los Angeles) [28],Los Angeles,,0
19647740109538,Marco Antonio Firebaugh High,Los Angeles,408.0,0
19647740111930,Lynwood Learning Academy,Los Angeles,1.0,
19647740114777,Pathway Independent Study,Los Angeles,101.0,0
19647740118562,Kaplan Academy of So. Calif.,Los Angeles,191.0,
19647740127845,School 19647740127845,,12.0,
19647741935410,School 19647741935410,,,
19647741935428,Vista High (Continuation) (Los Angeles),Los Angeles,176.0,0
19647741935436,Lynwood High,Los Angeles,464.0,0
19647741996354,Pathway High,Los Angeles,79.0,
19647746115547,Lynwood Middle,Los Angeles,,
19647900000001,District Students in NPS (Los Angeles) [29],Los Angeles,,0
19647900120451,Quest Academy Community Day,Los Angeles,4.0,
19647901935899,Canyon Oaks High,Los Angeles,16.0,0
19647901935923,Monrovia High,Los Angeles,364.0,0
19647901996404,Mountain Park,Los Angeles,8.0,0
19648080000001,District Students in NPS (Los Angeles) [30],Los Angeles,11.0,0
19648080124552,Applied Technology Center,Los Angeles,74.0,0
19648081930155,Schurr High,Los Angeles,530.0,0
19648081930825,Bell Gardens High,Los Angeles,512.0,0
19648081935972,School 19648081935972,,,
19648081935998,Montebello High,Los Angeles,477.0,0
19648081938927,"Vail High, Cont.",Los Angeles,265.0,0
19648081964808,Home/hospital and independent study (Los Angeles) [8],Los Angeles,,
19648081995364,School 19648081995364,,,
19648081996388,Montebello Community Day,Los Angeles,46.0,0
19648400000001,District Students in NPS (Los Angeles) [31],Los Angeles,,0
19648400124974,Norwalk-La Mirada Community,Los Angeles,12.0,
19648401933647,Glenn (John H.) High,Los Angeles,220.0,0
19648401934728,La Mirada High,Los Angeles,432.0,0
19648401936459,School 19648401936459,,,
19648401936467,Norwalk High,Los Angeles,519.0,0
19648401936475,"El Camino High, Cont.",Los Angeles,161.0,0
19648570112714,Antelope Valley Learning Acad,Los Angeles,143.0,1
19648570125377,Palmdale Aerospace Academy,Los Angeles,246.0,1
19648570140889,Palmdale Academy Charter,Los Angeles,219.0,1
19648576119580,Guidance Charter,Los Angeles,39.0,
19648650000001,District Students in NPS (Los Angeles) [32],Los Angeles,14.0,0
19648651933308,"Rancho del Mar High, Cont.",Los Angeles,28.0,0
19648651936681,Palos Verdes High (Los Angeles) [1],Los Angeles,,
19648651995588,Palos Verdes Penins. High,Los Angeles,519.0,0
19648651996552,Palos Verdes High (Los Angeles) [2],Los Angeles,371.0,0
19648730000001,District Students in NPS (Los Angeles) [33],Los Angeles,,0
19648730120378,Paramount AEC,Los Angeles,40.0,
19648730136705,Odyssey STEM Academy,Los Angeles,84.0,0
19648731930874,School 19648731930874,,,
19648731936749,Paramount High,Los Angeles,850.0,0
19648731936756,Buena Vista High (Los Angeles),Los Angeles,160.0,0
19648731964873,School 19648731964873,,,
19648731996107,Paramount Community Day,Los Angeles,11.0,0
19648731996370,Paramount High School Academy,Los Angeles,45.0,
19648810000001,District Students in NPS (Los Angeles) [34],Los Angeles,17.0,0
19648810106591,Nia Educational Charter,Los Angeles,3.0,
19648810113464,Aveson Global Leadership Acad,Los Angeles,26.0,1
19648810113969,Rhythms of the Village Charter High,Los Angeles,,
19648810117440,CIS Academy,Los Angeles,107.0,0
19648810118075,Learning Works,Los Angeles,136.0,1
19648810127746,Sierra Madre Middle,Los Angeles,,0
19648811931062,Blair High,Los Angeles,146.0,0
19648811931674,Marshall Fundamental,Los Angeles,232.0,0
19648811936103,John Muir High,Los Angeles,302.0,0
19648811936806,Rose City High (Continuation),Los Angeles,132.0,0
19648811936822,Pasadena High,Los Angeles,326.0,0
19648811964881,Home/hospital and independent study (Los Angeles) [9],Los Angeles,,
19648816021752,Washington Middle,Los Angeles,,0
19648817094030,"Waverly, The",Los Angeles,,
19649070000001,District Students in NPS (Los Angeles) [35],Los Angeles,16.0,0
19649070115170,School of Extended Ed. Option,Los Angeles,283.0,1
19649071933175,Ganesha High,Los Angeles,224.0,0
19649071933324,Garey Senior High,Los Angeles,392.0,0
19649071936772,Park West High (Continuation),Los Angeles,160.0,0
19649071937002,School 19649071937002,,,
19649071937028,Pomona Senior High,Los Angeles,248.0,0
19649071995547,Pomona Alternative,Los Angeles,10.0,0
19649071995901,Diamond Ranch High,Los Angeles,386.0,0
19649071996495,Village Academy Indian Hill,Los Angeles,72.0,0
19649071996685,Pomona Community Day,Los Angeles,3.0,
19649071996693,School of Arts and Enterprise,Los Angeles,86.0,1
19649076061634,Fremont Academy of Engineerin,Los Angeles,84.0,0
19649076061642,Palomares Academy of Health S,Los Angeles,78.0,
19649641937754,San Marino High,Los Angeles,222.0,0
19649800000001,District Students in NPS (Los Angeles) [36],Los Angeles,,0
19649800110346,SMMUSD Community Day,Los Angeles,11.0,
19649801933373,"Olympic High, Cont.",Los Angeles,35.0,0
19649801938000,Santa Monica High,Los Angeles,647.0,0
19649801995737,Malibu High,Los Angeles,97.0,0
19650290000001,District Students in NPS (Los Angeles) [37],Los Angeles,,0
19650291938455,South Pasadena Senior High,Los Angeles,384.0,0
19650520000001,District Students in NPS (Los Angeles) [38],Los Angeles,,0
19650521932094,School 19650521932094,,,
19650521938679,Temple City High,Los Angeles,445.0,0
19650521965052,School 19650521965052,,,
19650521995745,Dr. Doug Sears Learning Cente,Los Angeles,23.0,0
19650521995976,Temple City Alternative,Los Angeles,7.0,0
19650600000001,District Students in NPS (Los Angeles) [39],Los Angeles,25.0,0
19650600110320,Gene Drevno Community Day,Los Angeles,4.0,0
19650601936277,North High (Los Angeles),Los Angeles,453.0,0
19650601938083,"Shery (Kurt T.) High, Cont.",Los Angeles,109.0,0
19650601938356,South High (Los Angeles),Los Angeles,434.0,0
19650601938752,Torrance High,Los Angeles,470.0,0
19650601939602,West High (Los Angeles),Los Angeles,444.0,0
19650940000001,District Students in NPS (Los Angeles) [40],Los Angeles,,0
19650940112706,CAVA@Los Angeles,Los Angeles,339.0,1
19650940120907,Coronado Academy Community Day,Los Angeles,,
19650940122432,Edgewood High,Los Angeles,178.0,0
19650940125393,CA Virtual Acad - LA High,Los Angeles,69.0,
19650940130005,School 19650940130005,,17.0,
19650940137042,Mt. SAC Early College Academy at West Covina,Los Angeles,66.0,0
19650941938513,Coronado High (Continuation),Los Angeles,157.0,0
19650941939537,West Covina High,Los Angeles,439.0,0
19651280000001,District Students in NPS (Los Angeles) [41],Los Angeles,11.0,0
19651281930338,Frontier High Cont.,Los Angeles,311.0,0
19651281931302,California High (Los Angeles),Los Angeles,565.0,0
19651281934868,La Serna High,Los Angeles,593.0,0
19651281936889,Pioneer High (Los Angeles),Los Angeles,250.0,0
19651281937903,Santa Fe High,Los Angeles,466.0,0
19651281939701,Whittier High,Los Angeles,413.0,0
19651281939727,School 19651281939727,,,
19651281995653,Sierra Vista High Alter.,Los Angeles,128.0,0
19651360000001,District Students in NPS (Los Angeles) [42],Los Angeles,11.0,0
19651360102459,Golden Valley High (Los Angeles),Los Angeles,495.0,0
19651360102475,West Ranch High,Los Angeles,444.0,0
19651360112359,Sequoia Charter,Los Angeles,19.0,
19651360114173,Santa Clarita Valley Early Col,Los Angeles,,
19651360114439,Mission View Public,Los Angeles,35.0,1
19651360117234,Santa Clarita Valley Int'l,Los Angeles,62.0,1
19651360121731,Albert Einstein Academy,Los Angeles,73.0,
19651360138727,Castaic High,Los Angeles,289.0,0
19651361931492,Canyon High (Los Angeles),Los Angeles,488.0,0
19651361931740,Saugus High,Los Angeles,579.0,0
19651361932532,Learning Post High (Alternati,Los Angeles,82.0,0
19651361933902,Hart (William S.) Senior High,Los Angeles,485.0,0
19651361934421,"Bowman (Jereann) High, Cont.",Los Angeles,316.0,0
19651361995802,Valencia High (Los Angeles),Los Angeles,572.0,0
19651361996263,Opps. Learning-Santa Clarita,Los Angeles,99.0,1
19651361996289,Passport Academy,Los Angeles,,
19651361996321,Academy of the Canyons,Los Angeles,96.0,0
19651690119016,Da Vinci Science (Los Angeles) [1],Los Angeles,104.0,
19651690119636,Da Vinci Design (Los Angeles) [1],Los Angeles,118.0,
19734370000000,School 19734370000000,,11.0,0
19734370000001,District Students in NPS (Los Angeles) [43],Los Angeles,14.0,0
19734370115725,Lifeline Education Charter School,Los Angeles,56.0,1
19734370132969,Compton Early College High,Los Angeles,139.0,0
19734370137984,Animo Compton Charter School,Los Angeles,39.0,1
19734371931567,Centennial High (Los Angeles),Los Angeles,227.0,0
19734371931963,Compton High,Los Angeles,360.0,0
19734371932326,Dominguez High,Los Angeles,396.0,0
19734371995695,"Chavez (Cesar) High, Cont.",Los Angeles,234.0,0
19734371995703,Tubman Harriet High,Los Angeles,1.0,
19734371996040,Compton Comm. Day High,Los Angeles,5.0,0
19734371996057,Marshall (Thurgood),Los Angeles,13.0,0
19734450000001,District Students in NPS (Los Angeles) [44],Los Angeles,,0
19734451933316,"Puente Hills High, Alter.",Los Angeles,68.0,0
19734451934785,Hacienda La Puente Adult Education,Los Angeles,,
19734451934801,La Puente High,Los Angeles,203.0,0
19734451935246,Los Altos High (Los Angeles),Los Angeles,398.0,0
19734451938935,"Valley Alter. High, Cont.",Los Angeles,83.0,0
19734451939834,Glen A. Wilson High,Los Angeles,364.0,0
19734451939925,Workman (William) High,Los Angeles,181.0,0
19734451996271,Opp. Learn-Hacienda La Puente,Los Angeles,188.0,
19734451996560,Hacienda La Puente,Los Angeles,4.0,0
19734520000001,District Students in NPS (Los Angeles) [45],Los Angeles,,0
19734520111070,Rowland Assistive Technology Academ,Los Angeles,16.0,
19734520120600,iQ Academy California-Los Ang,Los Angeles,91.0,1
19734521930106,"Santana High, Cont.",Los Angeles,114.0,0
19734521930221,School 19734521930221,,,
19734521936228,Nogales High,Los Angeles,384.0,0
19734521937564,Rowland (John A.) High,Los Angeles,504.0,0
19734521995943,Rowland Unified Community,Los Angeles,1.0,0
19734600000001,District Students in NPS (Los Angeles) [46],Los Angeles,,0
19734601932862,Diamond Bar High,Los Angeles,641.0,0
19734601937747,Ron Hockwalt Academies (Conti,Los Angeles,22.0,0
19734601939149,Walnut High,Los Angeles,537.0,0
19734601973460,School 19734601973460,,,
19734601995729,School 19734601995729,,,
19734601995992,Destiny Community Day,Los Angeles,1.0,
19752910000001,District Students in NPS (Los Angeles) [47],Los Angeles,,0
19752911975291,School 19752911975291,,,
19752911995810,Gabrielino High,Los Angeles,360.0,0
19752911996016,Options for Youth San Gabriel,Los Angeles,135.0,1
19752911996081,Del Mar High (Los Angeles),Los Angeles,26.0,0
19753090127100,Assurance Learning Academy,Los Angeles,254.0,1
19753090128603,Albert Einstein Academy Elementary,Los Angeles,1.0,
19753090129411,SCALE Leadership Academy,Los Angeles,12.0,
19753090129742,Inspire Charter,Los Angeles,133.0,
19753090130781,Academy of Arts and Sciences: Los Angeles (9-12),Los Angeles,10.0,
19753090130898,Valley Prep 9-12,Los Angeles,45.0,
19753090130955,Valiant Academy of Los Angeles,Los Angeles,88.0,
19753090131201,"Albert Einstein Academy for Letters, Arts & Scienc",Los Angeles,16.0,
19753090131383,SIATech Academy South,Los Angeles,93.0,1
19753090131557,School 19753090131557,,23.0,
19753090131987,iLEAD Hybrid,Los Angeles,178.0,1
19753090132654,Community Collaborative Charter,Los Angeles,114.0,1
19753090134619,Empower Generations,Los Angeles,24.0,1
19753090135145,Compass Charter Schools of Los Angeles,Los Angeles,64.0,1
19753090136531,iLEAD Online,Los Angeles,19.0,1
19753090136648,Options for Youth-Acton,Los Angeles,223.0,1
19753090137703,"Method Schools, LA",Los Angeles,22.0,1
19753090137786,Mission Academy,Los Angeles,12.0,1
19753091995786,Vasquez High,Los Angeles,83.0,0
19753330000001,District Students in NPS (Los Angeles) [48],Los Angeles,,0
19753331935808,Mira Costa High,Los Angeles,618.0,0
19753410000001,District Students in NPS (Los Angeles) [49],Los Angeles,,0
19753410116285,Redondo Beach Learning Academ,Los Angeles,3.0,0
19753410141721,School 19753410141721,,13.0,0
19753411937143,Redondo Union High,Los Angeles,730.0,0
19753411938224,School 19753411938224,,,
19753411975341,Home/hospital and independent study (Los Angeles) [10],Los Angeles,,
19753411995752,Redondo Shores High (Continua,Los Angeles,37.0,0
19756636120158,SBE-New West Charter,Los Angeles,87.0,1
19756711996586,Animo Inglewood Charter High (Los Angeles) [2],Los Angeles,122.0,
19756971996693,SBE-School of Arts & Enterpris,Los Angeles,84.0,
19757130000001,District Students in NPS (Los Angeles) [50],Los Angeles,14.0,0
19757131930122,Century High (Los Angeles),Los Angeles,28.0,
19757131930163,Alhambra High (Los Angeles) [2],Los Angeles,514.0,0
19757131934553,Mark Keppel High (Los Angeles) [2],Los Angeles,550.0,0
19757131937697,San Gabriel High (Los Angeles) [2],Los Angeles,440.0,0
19757131995430,"Independence High, Alter.",Los Angeles,48.0,
19757131996396,Alhambra Community Day,Los Angeles,1.0,
19763310107235,Sbe-act,Los Angeles,,
19764970115725,Lifeline Education Charter (Los Angeles) [2],Los Angeles,41.0,
19768690119016,Da Vinci Science (Los Angeles) [2],Los Angeles,138.0,1
19768690119636,Da Vinci Design (Los Angeles) [2],Los Angeles,134.0,1
19768690128728,Da Vinci Innovation Academy,Los Angeles,60.0,1
19768690131128,Da Vinci Communications High,Los Angeles,138.0,1
19768690135988,RISE High,Los Angeles,27.0,
19768850130799,Anahuacalmecac International University Preparator,Los Angeles,30.0,
19768850132928,Anahuacalmecac International University Preparatory of North America (Los Angeles) [2],Los Angeles,14.0,
19769680109926,Academia Avance Charter (Los Angeles) [3],Los Angeles,35.0,1
19769920133900,Prepa Tec Los Angeles High,Los Angeles,76.0,
19772890109942,Los Angeles College Prep Academy,Los Angeles,41.0,1
20102070117184,Madera County Independent Aca,Madera,170.0,1
20102072030054,Enterprise Secondary,Madera,16.0,
20102072030096,Maders Co. Opportunity,Madera,5.0,
20102072030153,Juvenile Hall (Endeavor/Voyag,Madera,9.0,0
20102072030187,Discovery Secondary,Madera,7.0,
20102072030229,Pioneer Technical Center,Madera,71.0,1
20102076077200,Gould Educational Center,Madera,75.0,0
20651856110076,"Mountain Home Charter, Alt.",Madera,,
20652010000001,Chowchilla Union High Programs,Madera,,0
20652012030047,"Gateway High, Cont. (Madera)",Madera,6.0,0
20652012032357,Chowchilla High,Madera,254.0,0
20652012065201,Home/hospital and independent study (Madera),Madera,,
20652430000001,District Students in NPS (Madera),Madera,,0
20652430109686,Ripperdan High,Madera,75.0,
20652430110965,Madera South High,Madera,465.0,0
20652430118950,Sherman Thomas Charter High,Madera,25.0,1
20652430123620,Eastin-Arcola High,Madera,77.0,0
20652430131086,School 20652430131086,,14.0,0
20652430139691,Matilda Torres High,Madera,504.0,0
20652432030138,Mountain Vista High (Cont,Madera,78.0,
20652432035608,School 20652432035608,,,
20652432035640,Furman (Duane E.) High (Indep,Madera,95.0,0
20652432035707,Madera High,Madera,467.0,0
20737342030013,Yosemite High (Madera) [1],Madera,237.0,
20737342030039,Ahwahnee High (Madera) [1],Madera,8.0,
20737342030070,Raymond Granite High (Madera) [1],Madera,3.0,
20737342030088,"Foothill High, Alt.",Madera,6.0,
20737342030104,Evergreen High (Madera) [1],Madera,27.0,
20737342030120,"Mountain View High, Cont. (Madera) [1]",Madera,,
20737342030237,Glacier H.S. Charter (Madera) [1],Madera,14.0,
20754241030311,Willow Creek High,Madera,35.0,
20755800000001,Golden Valley Unified Programs,Madera,,
20755800110395,Lincoln Community Day,Madera,1.0,
20755800110403,Valley Teen Ranch Community D,Madera,11.0,
20755800111443,Centennial Independent Study,Madera,10.0,0
20755802030161,Independence Continuation Hig,Madera,5.0,0
20755802030179,Independence High (Madera),Madera,6.0,
20755802030203,Liberty High (Madera),Madera,139.0,0
20756060100172,Buena Vista High (Madera),Madera,11.0,
20756060100180,Mountain Oaks High,Madera,6.0,0
20756060109504,Cedar Continuation High,Madera,3.0,0
20756060117010,Minarets High,Madera,36.0,0
20756060125021,Minarets Charter High,Madera,79.0,1
20756060132936,Chawanakee Academy Charter,Madera,23.0,1
20756062030146,Sugar Pine Community Day,Madera,,
20756066113948,Manzanita Community Day,Madera,1.0,
20756066114862,Chawanakee Academy,Madera,16.0,
20764140115527,Campbell High Community Day,Madera,2.0,
20764140115550,Yosemite Falls Education Cent,Madera,2.0,0
20764142030013,Yosemite High (Madera) [2],Madera,136.0,0
20764142030039,Ahwahnee High (Madera) [2],Madera,7.0,0
20764142030070,Raymond Granite High (Madera) [2],Madera,2.0,0
20764142030088,Foothill High (Alternative),Madera,3.0,
20764142030104,Evergreen High (Madera) [2],Madera,18.0,0
20764142030120,"Mountain View High, Cont. (Madera) [2]",Madera,,
20764142030237,Glacier H.S. Charter (Madera) [2],Madera,29.0,1
21102150000001,County Students in NPS (Marin),Marin,,0
21102150113183,Marin County Juvenile Court,Marin,1.0,0
21102152130037,Marin County Community,Marin,31.0,0
21102152130102,Phoenix Academy,Marin,2.0,1
21102156069504,Marin County Special Education,Marin,13.0,0
21654170000001,District Students in NPS (Marin) [1],Marin,,0
21654170101055,Marin School of Arts & Tech.,Marin,71.0,
21654170110825,Nexus Academy,Marin,,
21654170123018,San Marin High School-Plus,Marin,19.0,
21654172130045,Nova Ed. Ctr. (Indep. St),Marin,18.0,0
21654172132264,Marin Oaks High,Marin,60.0,0
21654172132272,Novato High,Marin,322.0,0
21654172133056,San Marin High,Marin,312.0,0
21654660000001,District Students in NPS (Marin) [2],Marin,,0
21654660112839,San Rafael Community Day,Marin,,
21654662133254,Madrone High Continuation,Marin,24.0,0
21654662133262,San Rafael High,Marin,333.0,0
21654662134005,Terra Linda High,Marin,312.0,0
21654820000001,District Students in NPS (Marin) [3],Marin,,0
21654822130078,Tamiscal High (Alternative),Marin,31.0,0
21654822131340,Sir Francis Drake High,Marin,285.0,0
21654822132587,Redwood High (Marin),Marin,430.0,0
21654822133692,Tamalpais High,Marin,368.0,0
21654822134419,San Andreas High (Continuatio,Marin,43.0,0
21733610000001,District Students in NPS (Marin) [4],Marin,,0
21733612130086,Shoreline Indep. St.,Marin,1.0,
21733612130094,Shoreline High,Marin,1.0,
21733612134310,Tomales High,Marin,34.0,0
22102230123307,Benton Fremont Community Day,Mariposa,1.0,
22102232230100,County Community (Mariposa),Mariposa,12.0,0
22102236105308,Special Education (Mariposa),Mariposa,2.0,0
22322762230019,Mt. Bullion Youth Conservation Camp,Mariposa,8.0,
22655320123307,JBF Community Day,Mariposa,1.0,
22655322230035,Spring Hill High (Continuatio,Mariposa,10.0,0
22655322230068,Sierra Home,Mariposa,4.0,0
22655322230076,Coulterville High,Mariposa,2.0,0
22655322230084,Yosemite Park High,Mariposa,1.0,0
22655322230118,Jesse B. Fremont Community Da,Mariposa,1.0,
22655322235356,Mariposa County High,Mariposa,115.0,0
23102310000001,County Students in NPS (Mendocino),Mendocino,,0
23102312330124,West Hills Juvenile,Mendocino,2.0,0
23102312330447,Mendocino County,Mendocino,18.0,0
23655402330058,Rancheria Continuation,Mendocino,8.0,
23655402330405,Anderson Valley Charter Networ,Mendocino,3.0,
23655402330900,Anderson Valley Jr./Sr. High,Mendocino,18.0,0
23655576116669,Pacific Community Charter,Mendocino,5.0,1
23655650000001,Fort Bragg Unified Programs,Mendocino,,
23655650123737,Three Rivers Charter,Mendocino,3.0,1
23655652330215,Noyo High (Continuation),Mendocino,10.0,0
23655652330264,School 23655652330264,,,
23655652330355,Lighthouse Community Day,Mendocino,2.0,0
23655652331361,Fort Bragg High,Mendocino,142.0,0
23655812330090,Mendocino Sunrise High,Mendocino,1.0,0
23655812330306,Mendocino Alternative,Mendocino,4.0,0
23655812333185,Mendocino High,Mendocino,41.0,0
23655992330108,South Coast Continuation,Mendocino,6.0,0
23655992333649,Point Arena High,Mendocino,32.0,0
23656072330033,Round Valley Cont.,Mendocino,5.0,0
23656072330371,Round Valley Community Day,Mendocino,,
23656072334563,Round Valley High,Mendocino,29.0,0
23656150000001,District Students in NPS (Mendocino),Mendocino,,0
23656150128280,Ukiah Independent Study Academy,Mendocino,27.0,0
23656152330413,Redwood Academy of Ukiah,Mendocino,18.0,1
23656152330439,La Vida Independent,Mendocino,6.0,
23656152330454,Accelerated Achievement,Mendocino,17.0,1
23656152334704,"South Valley High, Cont.",Mendocino,117.0,0
23656152334928,School 23656152334928,,,
23656152335024,Ukiah High,Mendocino,442.0,0
23656152365615,Home/hospital and independent study (Mendocino),Mendocino,,
23656156117386,Tree of Life Charter,Mendocino,1.0,1
23656230112300,La Vida Charter,Mendocino,7.0,1
23656230136887,Sanhedrin Alternative,Mendocino,28.0,0
23656232330066,Sanhedrin High,Mendocino,31.0,
23656232330314,New Horizons,Mendocino,11.0,0
23656232330348,"Willits 9-12 Comm, Day",Mendocino,2.0,
23656232330363,Willits Charter,Mendocino,7.0,1
23656232335487,Willits High,Mendocino,99.0,0
23738662330041,Potter Valley High,Mendocino,21.0,0
23738662330116,"Centerville High, Cont.",Mendocino,1.0,0
23739162330223,Laytonville Continuation High,Mendocino,2.0,
23739162330389,Laytonville Community Day,Mendocino,1.0,
23739162332260,Laytonville High,Mendocino,28.0,0
23752182330207,Whale Gulch High,Mendocino,3.0,0
23752182330397,"Redwood High, Cont. (Mendocino)",Mendocino,1.0,
23752182332724,Leggett Valley High,Mendocino,5.0,0
24102490000001,County Students in NPS (Merced),Merced,,
24102490102244,Valley Livingston Community Da,Merced,9.0,
24102490106518,Merced Scholars Charter,Merced,30.0,1
24102490138032,Come Back Charter,Merced,80.0,1
24102492430056,Juvenile Hall /Community,Merced,30.0,0
24102492430148,Valley Community,Merced,98.0,0
24102492430155,Valley Community Day (7-12),Merced,30.0,
24102492430163,Valley Los Banos Community Da,Merced,65.0,0
24102492430171,Valley Atwater Community Day,Merced,38.0,0
24102496069199,Special Education (Merced),Merced,21.0,0
24656982430080,"Irwin High, Cont.",Merced,25.0,0
24656982430106,Colony Alternative High,Merced,8.0,
24656982432409,Hilmar High,Merced,174.0,0
24657302430064,Granada High (Merced),Merced,21.0,0
24657302433001,Le Grand High,Merced,121.0,0
24657550000001,District Students in NPS (Merced) [1],Merced,,0
24657550119073,Crossroads Alternative Ed.,Merced,29.0,0
24657550120923,Pacheco High,Merced,431.0,0
24657552430189,Los Banos Community Day,Merced,1.0,
24657552431492,"San Luis High, Cont.",Merced,67.0,0
24657552434207,Los Banos High,Merced,386.0,0
24657890000001,District Students in NPS (Merced) [2],Merced,,0
24657890107672,Sequoia High (Merced),Merced,1.0,0
24657890127373,El Capitan High (Merced),Merced,448.0,0
24657892430049,"Independence High, Alt. (Merced)",Merced,40.0,0
24657892430098,Golden Valley High (Merced),Merced,479.0,0
24657892430205,Buhach High,Merced,426.0,0
24657892430601,Atwater High,Merced,507.0,0
24657892433605,Livingston High,Merced,292.0,0
24657892434900,School 24657892434900,,,
24657892435204,Merced High,Merced,486.0,0
24657892439602,"Yosemite High, Cont.",Merced,170.0,0
24736190110411,Gustine Community Day,Merced,2.0,
24736192430031,"Pioneer High, Cont.",Merced,2.0,0
24736192431807,Gustine High,Merced,133.0,0
24753172430015,Westside High,Merced,20.0,0
24753172430221,Dos Palos,Merced,7.0,
24753172431203,Dos Palos High,Merced,160.0,0
24753660000001,District Students in NPS (Merced) [3],Merced,,
24753660114538,Shattuck Independent Study,Merced,8.0,
24753662430114,Delhi High,Merced,178.0,0
24753662430197,Shattuck Educational Park,Merced,18.0,
25102562530038,Modoc County Juvenile Hall/Co,Modoc,1.0,
25102562530103,Modoc County Community Altura,Modoc,2.0,
25102566069314,Modoc County Special Educatio,Modoc,3.0,
25658962530053,"Great Basin High, Cont.",Modoc,3.0,
25658962530095,Surprise Valley Community Day,Modoc,,
25658962537702,Surprise Valley High,Modoc,3.0,0
25735852530020,Warner High,Modoc,6.0,0
25735852530111,High Desert Community Day,Modoc,,0
25735852530129,Modoc Charter,Modoc,17.0,
25735852535409,Modoc High,Modoc,48.0,0
25735932530087,Tulelake Continuation High,Modoc,3.0,
25735934737250,Tulelake High,Modoc,27.0,0
26102640107714,Tioga Community Day,Mono,,
26102640124990,Urban Corps of San Diego County Charter,Mono,303.0,1
26102640125633,California Heritage Youthbuild,Mono,52.0,
26102640126698,Orange County Conservation Corps Charter,Mono,85.0,
26102640128637,School 26102640128637,,,
26102640128645,School 26102640128645,,,
26102642630028,Jan Work Community,Mono,4.0,0
26102642630101,Sawtooth Ridge Community Day,Mono,2.0,
26102642630119,Summit Charter,Mono,2.0,
26102646069330,Mono County Special Education,Mono,13.0,
26736680117309,Lee Vining Community Day,Mono,,
26736682630051,Eastern Sierra Academy,Mono,5.0,
26736682630069,High Desert Academy,Mono,5.0,
26736682630085,Sierra Charter #136,Mono,56.0,
26736682630093,Walker River High,Mono,1.0,
26736682633006,Coleville High,Mono,14.0,0
26736682635001,Lee Vining High,Mono,7.0,0
26736920101782,Mammoth Olympic Academy,Mono,4.0,
26736922630010,Mammoth High,Mono,82.0,0
26736922630036,"Sierra High, Cont. (Mono)",Mono,15.0,0
27102720116491,School 27102720116491,,29.0,1
27102720125765,Millennium Charter High,Monterey,32.0,
27102722730117,Wellington Smith,Monterey,39.0,0
27102722730232,Monterey County Home Charter,Monterey,76.0,1
27102722730265,Salinas Community,Monterey,132.0,0
27102726069512,Special Education (Monterey),Monterey,8.0,0
27659790135111,Uplift Monterey,Monterey,17.0,
27659790136010,Uplift California South Charter,Monterey,31.0,
27659790136218,Uplift California North Charter,Monterey,83.0,
27659872730018,Carmel Valley High,Monterey,7.0,0
27659872730414,Carmel High,Monterey,195.0,0
27660680000001,King City Jt. Un. High Programs,Monterey,,0
27660680123216,South Monterey County Charter,Monterey,50.0,
27660680134254,Pinnacle Academy Charter - Independent Study,Monterey,48.0,
27660680141010,School 27660680141010,,37.0,0
27660682730083,Portola-Butler Continuation H,Monterey,66.0,0
27660682730174,Greenfield High,Monterey,318.0,0
27660682730208,"Ventana High, Cont.",Monterey,36.0,
27660682732170,King City High,Monterey,300.0,0
27660920000001,District Students in NPS (Monterey) [1],Monterey,,0
27660920111435,Marina High (Monterey),Monterey,180.0,0
27660920112896,Monterey Community Day High,Monterey,1.0,0
27660920129239,Dual Language Academy of the Monterey Peninsula,Monterey,,0
27660922730240,Learning for Life Charter,Monterey,60.0,1
27660922730257,Cypress Grove,Monterey,20.0,
27660922732253,Central Coast High,Monterey,48.0,0
27660922732808,Monterey High,Monterey,350.0,0
27660922735348,Seaside High,Monterey,268.0,0
27661342731115,"Community High, Cont.",Monterey,13.0,0
27661342733657,Pacific Grove High,Monterey,138.0,0
27661590000000,School 27661590000000,,20.0,0
27661590124610,El Puente,Monterey,189.0,0
27661590136697,Rancho San Juan High,Monterey,400.0,0
27661592730109,Alisal High,Monterey,686.0,0
27661592730166,Everett Alvarez High,Monterey,494.0,0
27661592730273,Carr Lake Community Day,Monterey,3.0,0
27661592733178,North Salinas High,Monterey,526.0,0
27661592734457,Salinas Adult High,Monterey,,
27661592734481,Mt. Toro High,Monterey,148.0,0
27661592734556,Salinas High,Monterey,595.0,0
27738250000001,District Students in NPS (Monterey) [2],Monterey,,0
27738252730034,North Monterey County High,Monterey,312.0,0
27738252730042,El Camino High (Cont.),Monterey,25.0,
27738252730125,North Monterey County Ctr,Monterey,38.0,0
27738252730141,"Central Bay High, Cont.",Monterey,35.0,0
27738252730182,Liberty Family Academy,Monterey,24.0,
27738252730224,Community Day (Monterey),Monterey,,
27751500118349,Big Sur Charter,Monterey,1.0,1
27751502730133,Pacific Valley (K-12),Monterey,1.0,0
27754400106112,Pinnacles High,Monterey,34.0,0
27754400141051,School 27754400141051,,16.0,0
27754402730067,Pinnacles High (Cont.),Monterey,20.0,
27754402730190,Soledad High,Monterey,386.0,0
27754402730216,Chalone High,Monterey,44.0,
27754402730281,School 27754402730281,,,
27754732730067,Somavia High,Monterey,20.0,
27754732730885,Gonzales High,Monterey,188.0,0
28102800000001,District Students in NPS (Napa) [1],Napa,,
28102800115691,Community Day (Napa),Napa,3.0,
28102802830073,Napa County Juvenile Hall/Cou,Napa,2.0,0
28102802830099,Napa County Community,Napa,33.0,0
28102806077218,Special Education (Napa),Napa,,
28662412830065,"Palisades High, Cont.",Napa,4.0,0
28662412831758,Calistoga Junior-Senior High,Napa,59.0,0
28662660000001,District Students in NPS (Napa) [2],Napa,,0
28662660101964,Napa Valley Alternative,Napa,59.0,0
28662660121087,American Canyon High,Napa,430.0,0
28662660128314,Legacy High,Napa,9.0,
28662662830016,Vintage High,Napa,406.0,0
28662662830115,New Technology High (Napa),Napa,95.0,0
28662662830131,Horizons,Napa,,
28662662830149,Valley Oak High,Napa,105.0,0
28662662835601,Napa High,Napa,410.0,0
28662662836161,Temescal High (Cont.),Napa,13.0,
28662900000001,District Students in NPS (Napa) [3],Napa,,0
28662902830057,Madrone High (Cont.),Napa,12.0,
28662902837102,Saint Helena High,Napa,104.0,0
29102980000001,County Students in NPS (Nevada),Nevada,,
29102980112375,Los Angeles Education Corps,Nevada,182.0,
29102980113019,Nevada County Academy of Lear,Nevada,,
29102980114306,Forest Charter (Nevada) [1],Nevada,89.0,
29102980114314,Bitney College Preparatory Hi,Nevada,22.0,1
29102980116681,Launch,Nevada,1.0,0
29102980116913,Sugarloaf Mountain JH Prog,Nevada,1.0,
29102980123539,Edge Academy,Nevada,,
29102980126219,Forest Charter (Nevada) [2],Nevada,87.0,1
29102980130823,EPIC de Cesar Chavez,Nevada,181.0,1
29102982930139,NV Cnty. Academy of Learning,Nevada,,
29102982930147,Muir Charter,Nevada,336.0,1
29102986077226,Special Education (Nevada),Nevada,,0
29663570000001,District Students in NPS (Nevada),Nevada,,0
29663570112367,William & Marian Ghidotti Hig,Nevada,39.0,0
29663570124834,Sierra Academy of Expeditionary Learning,Nevada,29.0,1
29663572930030,Sierra Mountain High,Nevada,44.0,0
29663572930048,Bear River High,Nevada,166.0,0
29663572930063,Jamieson Earle High,Nevada,16.0,
29663572930071,Silver Springs High (Continua,Nevada,59.0,0
29663572930089,NU Tech High,Nevada,25.0,
29663572930097,Pioneer High (Continuation),Nevada,5.0,
29663572930105,Sierra Foothill High (Continu,Nevada,14.0,
29663572932507,Empire Continuation High,Nevada,31.0,
29663572935500,Nevada Union High,Nevada,390.0,0
29663996111371,Vantage Point Charter (Nevada) [1],Nevada,21.0,
29664156117329,Bitney Springs Charter High,Nevada,21.0,
29664156118996,Forest Charter (Nevada) [3],Nevada,81.0,
29768776111371,Vantage Point Charter (Nevada) [2],Nevada,5.0,1
30103060000000,Pacific Coast High School,Orange,,
30103060126037,Samueli Academy,Orange,146.0,1
30103060132910,College and Career Preparatory Academy,Orange,68.0,1
30103060133959,Unity Middle College High,Orange,24.0,1
30103060133983,Ednovate - Legacy College Prep.,Orange,107.0,1
30103060134239,EPIC Charter (Excellence Performance Innovation Citizenship),Orange,34.0,1
30103060134841,Orange County Workforce Innovation High,Orange,18.0,1
30103060138800,School 30103060138800,,38.0,1
30103060141978,School 30103060141978,,63.0,1
30103063030426,Access Juvenile Hall,Orange,543.0,0
30103063030632,Occs:chep/pchs,Orange,46.0,0
30103063030723,Orange County High School of the Arts,Orange,452.0,1
30103063030764,Access County Community,Orange,1105.0,0
30103063031632,School 30103063031632,,,
30103066069553,Special Education (Orange),Orange,57.0,0
30664310000001,District Students in NPS (Orange) [1],Orange,,0
30664310105841,Community Day/Alt and Sp Ed,Orange,7.0,
30664310113613,Polaris Opportunity Day,Orange,1.0,
30664310140707,Cambridge Virtual Academy,Orange,49.0,0
30664313030038,Cypress High,Orange,671.0,0
30664313030228,Anaheim High,Orange,667.0,0
30664313030384,Polaris High (Alternative),Orange,43.0,0
30664313030533,Trident Continuation High,Orange,25.0,
30664313030541,School 30664313030541,,,
30664313030616,Oxford Academy,Orange,204.0,0
30664313032786,"Gilbert High, Cont.",Orange,449.0,0
30664313033057,Katella High,Orange,582.0,0
30664313033115,John F. Kennedy High (Orange),Orange,496.0,0
30664313033784,Loara High,Orange,385.0,0
30664313034204,Magnolia High,Orange,402.0,0
30664313036712,Savanna High,Orange,366.0,0
30664313038239,Western High,Orange,362.0,0
30664316066815,Hope Trainable Mentally Retard,Orange,28.0,0
30664490000001,District Students in NPS (Orange) [2],Orange,,0
30664493030624,"Brea Canyon High, Cont.",Orange,37.0,0
30664493030640,Brea-Olinda High,Orange,419.0,0
30664566027551,Buena Park Junior High,Orange,,0
30664640000001,District Students in NPS (Orange) [3],Orange,,0
30664640106765,Capistrano Connections Academy,Orange,501.0,1
30664640113381,San Juan Hills High,Orange,660.0,0
30664640124131,CA Preparatory Academy,Orange,48.0,0
30664643030210,Capistrano Valley High,Orange,498.0,0
30664643030574,Aliso Niguel High,Orange,640.0,0
30664643030756,Tesoro,Orange,507.0,0
30664643030798,Bridges Community Day (Orange),Orange,3.0,0
30664643035979,School 30664643035979,,,
30664643035987,Junipero Serra,Orange,92.0,0
30664643036001,San Clemente High,Orange,684.0,0
30664643038569,Dana Hills High,Orange,431.0,0
30664643066464,School 30664643066464,,11.0,
30664646120356,Opps. Learning-Capistrano,Orange,29.0,1
30665060102582,Robert C. Fisler Elementary,Orange,,0
30665066028104,Nicolas Junior High,Orange,,0
30665140000001,District Students in NPS (Orange) [4],Orange,11.0,0
30665143030335,La Sierra High (Alt),Orange,218.0,0
30665143030855,Buena Park High,Orange,420.0,0
30665143032505,Fullerton Un. High,Orange,470.0,0
30665143033362,La Habra High,Orange,470.0,0
30665143033610,"La Vista High, Cont.",Orange,225.0,0
30665143037090,Sonora High (Orange),Orange,445.0,0
30665143037348,Sunny Hills High,Orange,584.0,0
30665143037496,Troy High,Orange,626.0,0
30665220000001,District Students in NPS (Orange) [5],Orange,,0
30665223030012,School 30665223030012,,,
30665223030103,"Hare (Marie L.) High, Cont.",Orange,140.0,0
30665223030434,Bolsa Grande High,Orange,425.0,0
30665223030517,Lincoln High Continuation,Orange,30.0,
30665223032752,Garden Grove High,Orange,537.0,0
30665223033578,La Quinta High (Orange),Orange,510.0,0
30665223033933,Los Amigos High,Orange,358.0,0
30665223035581,Pacifica High,Orange,408.0,0
30665223035706,Rancho Alamitos High,Orange,360.0,0
30665223036555,Santiago High (Orange),Orange,416.0,0
30665480000001,District Students in NPS (Orange) [6],Orange,,0
30665483030145,Ocean View High,Orange,288.0,0
30665483030368,Coast High,Orange,110.0,0
30665483030806,HBUHSD Community Day,Orange,1.0,
30665483031895,Edison High (Orange),Orange,512.0,0
30665483032158,Fountain Valley High,Orange,793.0,0
30665483032943,Huntington Beach High,Orange,661.0,0
30665483034410,Marina High (Orange),Orange,499.0,0
30665483038445,Westminster High,Orange,632.0,0
30665483038551,"Valley Vista High, Cont.",Orange,227.0,0
30665483066548,School 30665483066548,,,
30665550000001,District Students in NPS (Orange) [7],Orange,,0
30665553033206,Laguna Beach High,Orange,204.0,0
30665970000001,District Students in NPS (Orange) [8],Orange,,0
30665970111666,Early College High,Orange,44.0,0
30665973030186,Monte Vista High (Orange),Orange,34.0,0
30665973030673,Orange Coast,Orange,34.0,
30665973030715,School 30665973030715,,,
30665973031697,Corona del Mar High,Orange,368.0,0
30665973031853,Costa Mesa High,Orange,288.0,0
30665973032000,Estancia High,Orange,244.0,0
30665973034907,Back Bay High (Cont.),Orange,98.0,0
30665973035045,Newport Harbor High,Orange,521.0,0
30665977101041,Sage Hill,Orange,,
30666210000001,District Students in NPS (Orange) [9],Orange,,0
30666210114769,OUSD Community Day,Orange,8.0,0
30666210118174,OUSD Home Sch,Orange,29.0,0
30666210140293,School 30666210140293,,56.0,0
30666213030046,Canyon High (Orange),Orange,546.0,0
30666213030731,California Charter Acd Orange,Orange,59.0,
30666213031952,El Modena High,Orange,449.0,0
30666213035409,Orange High,Orange,432.0,0
30666213035748,Richland Continuation High,Orange,110.0,0
30666213038098,Villa Park High,Orange,506.0,0
30666216029920,Canyon Hills,Orange,96.0,0
30666470000001,District Students in NPS (Orange) [10],Orange,,0
30666470119404,Yorba Linda High,Orange,408.0,0
30666473030053,Esperanza High (Orange),Orange,348.0,0
30666473030483,La Entrada High,Orange,45.0,0
30666473030558,School 30666473030558,,,
30666473031929,El Dorado High (Orange),Orange,500.0,0
30666473031945,El Camino Real Cont High,Orange,96.0,0
30666473038023,Valencia High (Orange),Orange,603.0,0
30666476119556,Parkview,Orange,25.0,0
30666700000001,District Students in NPS (Orange) [11],Orange,,0
30666700106567,Nova Academy,Orange,72.0,1
30666700108365,Segerstrom High,Orange,594.0,0
30666700114736,Hector G. Godinez,Orange,422.0,0
30666700135897,Advanced Learning Academy,Orange,47.0,1
30666703030475,Chavez (Cesar E. ) High,Orange,279.0,0
30666703030491,Century High (Orange),Orange,380.0,0
30666703030608,Middle College High (Orange),Orange,112.0,0
30666703030723,Ocsa,Orange,412.0,
30666703030780,Albor Charter,Orange,117.0,
30666703034998,Lorin Griset Academy,Orange,273.0,0
30666703035821,Saddleback High,Orange,335.0,0
30666703036357,Santa Ana High,Orange,626.0,0
30666703036456,Valley High (Orange),Orange,477.0,0
30666706115133,Community Day Inter. and High,Orange,4.0,0
30736350000001,District Students in NPS (Orange) [12],Orange,,0
30736353030061,El Toro High,Orange,476.0,0
30736353030079,"Silverado High, Cont.",Orange,121.0,0
30736353030244,Laguna Hills High,Orange,329.0,0
30736353030392,Trabuco Hills High,Orange,619.0,0
30736353030509,Mira Monte High (Alter.),Orange,29.0,0
30736353034956,Mission Viejo High,Orange,392.0,0
30736430000001,District Students in NPS (Orange) [13],Orange,,0
30736430102871,Arnold O. Beckman High,Orange,694.0,0
30736430139774,Legacy Magnet Academy,Orange,117.0,0
30736433030590,"Sycamore High, Alt.",Orange,30.0,0
30736433032109,Foothill High (Orange),Orange,532.0,0
30736433032919,"Hillview High, Cont.",Orange,110.0,0
30736433037553,Tustin High,Orange,407.0,0
30736500000001,District Students in NPS (Orange) [14],Orange,12.0,0
30736500133405,Portola High,Orange,673.0,0
30736503030129,Creekside High (Orange),Orange,67.0,0
30736503030152,Irvine High,Orange,491.0,0
30736503030285,Woodbridge High,Orange,558.0,0
30736503030467,Alternative Education-San Joa,Orange,6.0,0
30736503030657,Northwood High,Orange,561.0,0
30736503035102,University High (Orange),Orange,577.0,0
30739240000001,District Students in NPS (Orange) [15],Orange,,0
30739243030343,"Laurel High, Cont.",Orange,11.0,
30739243033917,Los Alamitos High,Orange,729.0,0
30768930130765,Magnolia Science Academy Santa Ana,Orange,26.0,1
31103140113399,Sierra Vista,Placer,1.0,0
31103140119214,CORE Placer Charter (Placer) [1],Placer,49.0,
31103140126904,Placer County Pathways Charter,Placer,11.0,1
31103143130101,Placer County Court Schools,Placer,5.0,0
31103143130127,Independent Home Study,Placer,,
31103143130259,Placer County Community Schoo,Placer,11.0,
31103146069322,Placer County Special Educati,Placer,8.0,0
31667950119214,CORE Placer Charter (Placer) [2],Placer,40.0,
31668450121418,John Adams Academy,Placer,46.0,
31668520126680,School 31668520126680,,,
31668520127902,Squaw Valley Preparatory,Placer,8.0,
31668520128751,School 31668520128751,,,
31668940000001,District Students in NPS (Placer) [1],Placer,,0
31668940102293,Foresthill High,Placer,50.0,0
31668940138081,Maidu Virtual Charter Academy,Placer,37.0,1
31668943130093,Adolescent Day Treatment,Placer,1.0,
31668943130135,Maidu High Independent Study,Placer,53.0,
31668943131687,"Chana High, Cont.",Placer,37.0,0
31668943131851,Colfax High,Placer,153.0,0
31668943132453,Del Oro High (Placer),Placer,408.0,0
31668943135704,Placer High,Placer,316.0,0
31669280000001,District Students in NPS (Placer) [2],Placer,,0
31669280116459,Antelope High,Placer,455.0,0
31669280121418,John Adams Academy - Roseville,Placer,63.0,1
31669280139840,West Park High School,Placer,520.0,0
31669283130044,Success High (Cont.),Placer,,
31669283130119,"Independence High, Alt. (Placer)",Placer,93.0,0
31669283130176,Woodcreek High,Placer,485.0,0
31669283130184,Granite Bay High,Placer,509.0,0
31669283130309,"Adelante High, Cont.",Placer,67.0,0
31669283135308,Oakmont High,Placer,322.0,0
31669283136496,School 31669283136496,,,
31669283136504,Roseville High,Placer,361.0,0
31669443130010,North Tahoe High,Placer,117.0,0
31669443130077,"Sierra High, Cont. (Placer)",Placer,40.0,0
31669443130192,Cold Stream Alternative,Placer,3.0,0
31669443130226,Prosser Creek Char #144,Placer,174.0,
31669443138500,Tahoe Truckee High,Placer,227.0,0
31669510000001,District Students in NPS (Placer) [3],Placer,,0
31669510122507,Partnerships for Student-Cent,Placer,105.0,
31669510135871,School 31669510135871,,23.0,1
31669510139246,ATLAS Learning Academy,Placer,14.0,0
31669510140541,Twelve Bridges High School,Placer,329.0,0
31669513130036,"Phoenix High, Cont. (Placer)",Placer,55.0,0
31669513130143,Lincoln North High (Cont),Placer,11.0,
31669513130168,Horizon Charter,Placer,313.0,1
31669513134657,Lincoln High (Placer),Placer,296.0,0
31669516031363,Sheridan,Placer,6.0,0
31750850000001,District Students in NPS (Placer) [4],Placer,,0
31750850108084,Whitney High,Placer,510.0,0
31750850119487,Western Sierra Collegiate Academy,Placer,136.0,1
31750850128561,Rocklin Independent Charter Academy,Placer,43.0,
31750853130150,Rocklin High,Placer,484.0,0
31750853130200,Victory High,Placer,63.0,0
31750853130218,Rocklin Independent (Alte,Placer,27.0,0
31765700119487,Western Sierra Collegiate Acad,Placer,48.0,
32103220100057,Plumas County Community,Plumas,4.0,0
32669693230026,Sierra High (Cont.),Plumas,2.0,
32669693230034,"Almanor High, Cont.",Plumas,5.0,0
32669693230042,"Beckwourth (Jim) High, Cont.",Plumas,5.0,0
32669693230059,Indian Valley High (Cont),Plumas,1.0,
32669693230083,Plumas Charter,Plumas,26.0,1
32669693232006,Chester Junior/Senior High,Plumas,23.0,0
32669693233509,Greenville Junior/Senior,Plumas,13.0,0
32669693235603,Portola Junior/Senior High,Plumas,43.0,0
32669693236007,Quincy Junior/Senior High,Plumas,45.0,0
32669696117204,Plumas Community Day,Plumas,,
33103300000001,County Students in NPS (Riverside),Riverside,,
33103300110833,River Springs Charter,Riverside,223.0,1
33103300125237,Riverside Co. Educ. Academy,Riverside,44.0,1
33103300128397,Come Back Kids,Riverside,575.0,1
33103300128777,Gateway College and Career Academy,Riverside,59.0,1
33103300134320,Leadership Military Academy - Indio,Riverside,20.0,
33103300137836,Pivot Charter School Riverside,Riverside,23.0,1
33103300137869,Excelsior Charter School Corona-Norco,Riverside,14.0,1
33103300138602,JCS - Pine Hills,Riverside,56.0,1
33103300140780,School 33103300140780,,45.0,1
33103303330123,Riverside County Juvenile Cou,Riverside,100.0,0
33103303330404,Riverside Co. Opportunity,Riverside,53.0,
33103303330891,Indio Charter,Riverside,4.0,
33103303331055,Riverside County,Riverside,454.0,0
33103306069207,Riverside County Special Educ,Riverside,46.0,0
33316253330834,California School for the Deaf,Riverside,66.0,0
33669770000001,District Students in NPS (Riverside) [1],Riverside,,0
33669770115485,Alvord Alternative Education,Riverside,87.0,
33669770125732,Hillcrest High (Riverside),Riverside,445.0,0
33669770126896,Alvord Alternative Educ. Cntr.,Riverside,84.0,
33669770135061,School 33669770135061,,104.0,0
33669773330008,La Sierra High (Riverside),Riverside,378.0,0
33669773334299,Norte Vista High,Riverside,451.0,0
33669773337128,Alvord Continuation High,Riverside,102.0,0
33669850000001,District Students in NPS (Riverside) [2],Riverside,,0
33669850102418,Trinity Whitewater Community,Riverside,6.0,
33669853330206,School 33669853330206,,,
33669853330214,Banning High,Riverside,286.0,0
33669853330222,New Horizon High (Riverside),Riverside,42.0,0
33669853330974,Banning Independent Study,Riverside,68.0,0
33669853366985,Home/hospital and independent study (Riverside) [1],Riverside,,
33669930000001,District Students in NPS (Riverside) [3],Riverside,,0
33669930129882,21st Century Learning Institute,Riverside,28.0,0
33669930139360,Mission Vista Academy,Riverside,181.0,1
33669930141366,School 33669930141366,,23.0,0
33669933330461,"San Andreas High, Cont.",Riverside,1.0,
33669933330479,Beaumont Senior High,Riverside,865.0,0
33669933330826,Laura May Stewart,Riverside,19.0,
33669933330842,Glen View High,Riverside,73.0,0
33669933331022,School 33669933331022,,,
33670330000000,School 33670330000000,,58.0,0
33670330000001,District Students in NPS (Riverside) [4],Riverside,11.0,0
33670330110106,Orange Grove High,Riverside,67.0,0
33670330110627,Eleanor Roosevelt High,Riverside,1088.0,0
33670330110759,John F. Kennedy High (Riverside),Riverside,174.0,0
33670330135574,CNUSD Hybrid School of Innovation,Riverside,165.0,0
33670333330131,Corona-Norco Alternative,Riverside,67.0,0
33670333330446,Centennial High (Riverside),Riverside,678.0,0
33670333330586,Lee V. Pollard High (Cont.),Riverside,315.0,0
33670333330594,"Centennial Vista High, Cont.",Riverside,30.0,
33670333330602,"Corona Vista High, Cont.",Riverside,3.0,
33670333330610,Norco Vista High,Riverside,11.0,
33670333330701,Santiago High (Riverside),Riverside,894.0,0
33670333330941,Phoenix High (community),Riverside,44.0,
33670333331600,Corona High,Riverside,577.0,0
33670333334232,Norco High,Riverside,508.0,0
33670333367033,Home/hospital and independent study (Riverside) [2],Riverside,,
33670580000001,District Students in NPS (Riverside) [5],Riverside,,0
33670580114504,Summit High (Continuation) (Riverside),Riverside,201.0,0
33670580118885,Shadow Hills High,Riverside,412.0,0
33670583330388,Palm Desert High,Riverside,520.0,0
33670583330669,La Quinta High (Riverside),Riverside,606.0,0
33670583330909,Horizon,Riverside,47.0,0
33670583330982,School 33670583330982,,,
33670583331113,"Amistad High, Cont.",Riverside,133.0,0
33670583333192,Indio High,Riverside,490.0,0
33670820000000,School 33670820000000,,16.0,0
33670820000001,District Students in NPS (Riverside) [6],Riverside,,0
33670820106716,Hamilton High (Riverside),Riverside,71.0,0
33670820113159,Tahquitz High,Riverside,440.0,0
33670820115162,Hemet Academy for Applied Aca,Riverside,30.0,
33670820120675,Western Center Academy,Riverside,90.0,1
33670820128363,College Prep High,Riverside,21.0,
33670820132167,ASPIRE Community Day,Riverside,14.0,
33670823330065,Alessandro High,Riverside,271.0,0
33670823330453,Hamilton K-12,Riverside,71.0,
33670823330503,Helen Hunt Jackson Alternativ,Riverside,70.0,0
33670823330537,West Valley High (Riverside),Riverside,464.0,0
33670823330768,Hemet Ed. Learning Ctr.,Riverside,1.0,
33670823332616,School 33670823332616,,,
33670823332673,Hemet High,Riverside,604.0,0
33670900000001,District Students in NPS (Riverside) [7],Riverside,,0
33670900114157,Patriot High,Riverside,600.0,0
33670900127720,Rivercrest Preparatory,Riverside,31.0,
33670903330412,Jurupa Valley High,Riverside,423.0,0
33670903330545,Rio Vista High (Riverside),Riverside,10.0,
33670903330784,Steps Community Day,Riverside,14.0,
33670903334687,Nueva Vista Continuation High (Riverside),Riverside,231.0,0
33670903337136,Rubidoux High,Riverside,315.0,0
33671160109843,Santa Rosa Academy,Riverside,111.0,1
33671240000001,District Students in NPS (Riverside) [8],Riverside,,0
33671240105940,Alessandro,Riverside,8.0,0
33671240128868,Moreno Valley Online Academy,Riverside,56.0,0
33671243330396,Canyon Springs High,Riverside,563.0,0
33671243330438,Valley View High,Riverside,675.0,0
33671243330685,Moreno Valley Community Learn,Riverside,3.0,
33671243330800,Bayside Community Day,Riverside,111.0,0
33671243330958,March Valley,Riverside,1.0,0
33671243331071,Vista del Lago High (Riverside),Riverside,481.0,0
33671243333762,March Mountain High,Riverside,185.0,0
33671243333770,Moreno Valley High,Riverside,526.0,0
33671246106058,Vista Heights Middle,Riverside,,0
33671570120279,Mercury Online Academy of SoCa,Riverside,2.0,
33671570125245,Pivot Charter - Riverside Co.,Riverside,14.0,
33671573331014,Nuview Bridge College High,Riverside,167.0,1
33671730000001,District Students in NPS (Riverside) [9],Riverside,,0
33671730127316,Rancho Mirage High,Riverside,350.0,0
33671730133090,Desert Learning Academy,Riverside,42.0,0
33671733330578,Cathedral City High,Riverside,334.0,0
33671733330818,Desert Hot Springs High,Riverside,422.0,0
33671733330925,Ramon Alternative Center,Riverside,,
33671733331121,Mt. San Jacinto High,Riverside,153.0,0
33671733335130,Palm Springs High,Riverside,374.0,0
33671733367173,Home/hospital and independent study (Riverside) [3],Riverside,18.0,
33671810000001,District Students in NPS (Riverside) [10],Riverside,,
33671810115188,Palo Verde Valley Community D,Riverside,10.0,
33671810138610,Scale Leadership Academy - East,Riverside,44.0,1
33671813331139,Twin Palms Continuation,Riverside,55.0,0
33671813335759,Palo Verde High,Riverside,159.0,0
33672070000001,District Students in NPS (Riverside) [11],Riverside,,0
33672070101170,California Military Institute,Riverside,148.0,1
33672070113191,Heritage High (Riverside),Riverside,582.0,0
33672070134981,Scholar Plus Online Learning,Riverside,29.0,0
33672070137620,School 33672070137620,,37.0,0
33672070140491,Liberty High (Riverside),Riverside,634.0,0
33672073330149,School 33672073330149,,,
33672073330172,"Perris Lake High, Cont.",Riverside,168.0,0
33672073330693,Choice 2000 On-Line (Char),Riverside,55.0,
33672073330727,Paloma Valley High,Riverside,622.0,0
33672073330776,The Academy Comm Day,Riverside,19.0,
33672073331022,School 33672073331022,,,
33672073335973,Perris,Riverside,524.0,0
33672150000001,District Students in NPS (Riverside) [12],Riverside,12.0,0
33672150106526,Gateway to College (Riverside),Riverside,35.0,
33672150115709,Riverside Virtual,Riverside,83.0,0
33672150126235,Riverside STEM Academy (Riverside) [1],Riverside,,
33672150131359,Riverside STEM Academy (Riverside) [2],Riverside,62.0,0
33672150132498,Encore High School for the Arts - Riverside,Riverside,97.0,
33672153330024,Arlington High,Riverside,480.0,0
33672153330362,Summit View Ind. Stdy.,Riverside,152.0,0
33672153330511,Opportunity Program,Riverside,9.0,0
33672153330677,"Raincross High, Cont.",Riverside,109.0,0
33672153330859,Martin Luther King Jr. High,Riverside,675.0,0
33672153330867,Creative Opts for Pos. Ed-COPE,Riverside,3.0,
33672153334406,North (John W.) High,Riverside,503.0,0
33672153336237,Polytechnic High (Riverside),Riverside,621.0,0
33672153336492,Ramona High (Riverside),Riverside,536.0,0
33672153336666,School 33672153336666,,,
33672153336955,Lincoln (Abraham) Continuation,Riverside,145.0,0
33672156059125,Central Middle,Riverside,,0
33672156059133,Gage (Mathew) Middle,Riverside,,0
33672156061790,Chemawa Middle,Riverside,,0
33672490000001,District Students in NPS (Riverside) [13],Riverside,,0
33672490123844,San Jacinto Leadership Academ,Riverside,81.0,0
33672490142117,School 33672490142117,,14.0,0
33672493331006,Mt. Heights Academy,Riverside,51.0,0
33672493337649,"Mountain View High, Cont. (Riverside)",Riverside,136.0,0
33672493337656,San Jacinto High,Riverside,597.0,0
33672496114748,San Jacinto Valley Academy,Riverside,116.0,1
33675170120279,School 33675170120279,,,
33736760000001,District Students in NPS (Riverside) [14],Riverside,,
33736760100255,Desert Mirage High,Riverside,469.0,0
33736760120673,School 33736760120673,,,
33736760121673,NOVA Academy - Coachella,Riverside,47.0,1
33736763330032,La Familia Continuation High,Riverside,78.0,0
33736763330198,School 33736763330198,,,
33736763330354,West Shores High,Riverside,73.0,0
33736763330990,Coachella Valley High,Riverside,575.0,0
33736763331048,Alternative Education Center,Riverside,7.0,
33751760000001,District Students in NPS (Riverside) [15],Riverside,,0
33751760107920,Lakeside High,Riverside,422.0,0
33751760116343,Keith McCarthy Academy,Riverside,60.0,0
33751760124859,Southern California Online Ac,Riverside,45.0,
33751763330115,Ortega High,Riverside,233.0,0
33751763330487,Temescal Canyon High,Riverside,593.0,0
33751763330750,Tri-Valley Community Day,Riverside,7.0,
33751763330792,Kiefer (Gordon) Independent,Riverside,33.0,
33751763332350,Elsinore High,Riverside,482.0,0
33751920000001,District Students in NPS (Riverside) [16],Riverside,,0
33751920105734,Great Oak High,Riverside,736.0,0
33751923330370,Temecula Valley High,Riverside,685.0,0
33751923330495,Rancho Vista High,Riverside,108.0,0
33751923330636,Susan H. Nelson,Riverside,108.0,0
33751923330719,School 33751923330719,,,
33751923330743,Chaparral High (Riverside),Riverside,784.0,0
33751923330917,Temecula Preparatory,Riverside,78.0,1
33751923375192,Home/hospital and independent study (Riverside) [4],Riverside,,
33752000000001,District Students in NPS (Riverside) [17],Riverside,,0
33752000100420,Vista Murrieta High,Riverside,832.0,0
33752000102079,Tenaja Canyon Academy,Riverside,113.0,0
33752000118794,Murrieta Mesa High,Riverside,516.0,0
33752000141275,School 33752000141275,,36.0,0
33752003330529,Murrieta Valley High,Riverside,526.0,0
33752003330644,Creekside High (Riverside),Riverside,86.0,
33752420000001,District Students in NPS (Riverside) [18],Riverside,,0
33752420109108,Citrus Hill High,Riverside,408.0,0
33752420109652,Val Verde Student Success Aca,Riverside,111.0,0
33752420123190,Val Verde Academy,Riverside,64.0,0
33752420133306,Orange Vista High,Riverside,599.0,0
33752423330552,Rancho Verde High,Riverside,525.0,0
33752423330560,Val Verde High,Riverside,231.0,0
33752423331063,Via,Riverside,,
34103480000001,Sacramento Co. Off. Educ. Programs,Sacramento,,
34103480106211,Carson Creek Jr./Sr. High,Sacramento,35.0,
34103480106229,Palmiter Special Education,Sacramento,25.0,0
34103480106237,Hickey Junior Senior High,Sacramento,21.0,0
34103480106245,North Area Community,Sacramento,55.0,0
34103480106260,Esperanza Jr./Sr. High,Sacramento,10.0,
34103480106278,El Centro Jr./Sr. High,Sacramento,61.0,0
34103480106286,Morgan Jr./Sr. High,Sacramento,4.0,
34103480106294,Sacramento County SH Special E,Sacramento,22.0,0
34103480106302,Sacramento County ED Special,Sacramento,2.0,
34103480106773,Northern California Poly Technical Academy,Sacramento,25.0,
34103480118745,Gerber Jr./Sr. High,Sacramento,23.0,0
34103480136275,Fortune,Sacramento,42.0,1
34103483430428,Sacramento Juvenile,Sacramento,54.0,
34103483430857,Sacramento County Community,Sacramento,12.0,
34103486069520,Special Education (Sacramento),Sacramento,95.0,
34322760330027,Pine Grove Youth Conservation Camp (Sacramento),Sacramento,26.0,
34322763931250,Johanna Boss High (Sacramento),Sacramento,50.0,
34322763990025,N.A. Chaderjian High (Sacramento),Sacramento,73.0,
34322765637780,Mary B. Perry High,Sacramento,84.0,
34673140000001,District Students in NPS (Sacramento) [1],Sacramento,35.0,0
34673140105916,Monterey Trail High,Sacramento,566.0,0
34673140108753,Pleasant Grove High,Sacramento,634.0,0
34673140116897,Cosumnes Oaks High,Sacramento,527.0,0
34673140137281,SAVA - Sacramento Academic and Vocational Academy - EGUSD,Sacramento,67.0,1
34673143430170,Valley High (Sacramento),Sacramento,406.0,0
34673143430188,School 34673143430188,,,
34673143430311,"Calvine High, Cont.",Sacramento,116.0,0
34673143430329,"Rio Cazadero High, Cont.",Sacramento,107.0,0
34673143430352,"Las Flores High, Alt.",Sacramento,59.0,0
34673143430477,Florin High,Sacramento,420.0,0
34673143430527,"Insights High, Cont.",Sacramento,,
34673143430535,"Transition High, Cont.",Sacramento,,
34673143430592,Laguna Creek High,Sacramento,536.0,0
34673143430618,Sheldon High,Sacramento,592.0,0
34673143430725,Elk Grove Community Day,Sacramento,7.0,
34673143430733,Capital Community Day,Sacramento,5.0,
34673143430873,Franklin High (Sacramento),Sacramento,662.0,0
34673143432002,"Daylor (William) High, Cont.",Sacramento,123.0,0
34673143432572,Elk Grove High,Sacramento,421.0,0
34673143467314,School 34673143467314,,13.0,
34673146032999,School 34673146032999,,46.0,0
34673146112254,Elk Grove Charter,Sacramento,97.0,1
34673220127860,Alpha Charter,Sacramento,20.0,
34673300000001,District Students in NPS (Sacramento) [2],Sacramento,,0
34673300113571,Vista del Lago High (Sacramento),Sacramento,446.0,0
34673300140699,School 34673300140699,,20.0,0
34673303430501,"Walnutwood High, Alt.",Sacramento,74.0,0
34673303430667,Mather Youth Acad,Sacramento,1.0,0
34673303430709,Folsom Lake High,Sacramento,66.0,0
34673303431533,Cordova High,Sacramento,486.0,0
34673303433216,Folsom High,Sacramento,725.0,0
34673303434792,"Kinney High, Cont.",Sacramento,70.0,0
34673306033195,Kitty Hawk,Sacramento,3.0,
34673550000001,District Students in NPS (Sacramento) [3],Sacramento,,0
34673550119131,Liberty Ranch High,Sacramento,225.0,0
34673553432903,Estrellita Continuation High,Sacramento,36.0,0
34673553433471,Galt High,Sacramento,240.0,0
34673630000001,District Students in NPS (Sacramento) [4],Sacramento,,
34673630101766,Grant Community Outreach,Sacramento,,
34673630101832,Futures High (Sacramento) [1],Sacramento,35.0,
34673630108183,Nova Community Day (Sacramento) [1],Sacramento,,
34673630108837,Community Collaborative,Sacramento,160.0,
34673630114272,Sava (Sacramento) [1],Sacramento,116.0,
34673633430261,"Pacific High, Cont.",Sacramento,63.0,
34673633430634,"Keema (Elwood J.) High, Alt.",Sacramento,273.0,
34673633430881,Vista Nueva Career and Tech (Sacramento) [1],Sacramento,58.0,
34673633433265,Foothill High (Sacramento) [1],Sacramento,267.0,
34673633433794,Grant Union High (Sacramento) [1],Sacramento,440.0,
34673633434370,Highlands High (Sacramento) [1],Sacramento,207.0,
34673633436979,Rio Linda High (Sacramento) [1],Sacramento,416.0,
34673636069736,Richmond (Miles P.),Sacramento,23.0,
34674050108415,Heritage Peak Charter (Sacramento) [1],Sacramento,42.0,
34674130000001,District Students in NPS (Sacramento) [5],Sacramento,,0
34674130107383,River Delta Community Day,Sacramento,2.0,0
34674130112078,Clarksburg Middle,Sacramento,,0
34674133430469,River Delta High/Elem Alt,Sacramento,2.0,0
34674133430550,Mokelumne High (Cont),Sacramento,16.0,0
34674133430576,School 34674133430576,,,
34674134835302,Rio Vista High (Sacramento),Sacramento,79.0,0
34674135731708,Delta High (Sacramento),Sacramento,56.0,0
34674210132019,Paseo Grande Charter,Sacramento,15.0,1
34674210137950,Marconi Learning Academy,Sacramento,18.0,1
34674390000001,District Students in NPS (Sacramento) [6],Sacramento,34.0,0
34674390101451,Sacramento High School,Sacramento,,
34674390101550,Visual and Performing Arts,Sacramento,15.0,
34674390101881,New Technology High (Sacramento),Sacramento,32.0,1
34674390101899,George Washington Carver Scho,Sacramento,61.0,1
34674390101907,The MET,Sacramento,68.0,1
34674390101915,Genesis High,Sacramento,27.0,
34674390101972,Rosemont High,Sacramento,371.0,0
34674390102038,Sacramento Charter High,Sacramento,137.0,1
34674390108951,Arthur A. Benjamin Health Pro,Sacramento,61.0,0
34674390114546,School of Engineering & Scien,Sacramento,36.0,0
34674390137406,SAVA - Sacramento Academic and Vocational Academy - SCUSD,Sacramento,108.0,1
34674390137844,School 34674390137844,,50.0,
34674393430154,"American Legion High, Cont.",Sacramento,132.0,0
34674393430519,Capital City,Sacramento,131.0,0
34674393430832,Community Day (Sacramento),Sacramento,9.0,
34674393430865,West Campus,Sacramento,227.0,0
34674393431012,Burbank (Luther) High,Sacramento,384.0,0
34674393433323,Fremont Adult Education,Sacramento,,
34674393434636,Johnson (Hiram W.) High,Sacramento,420.0,0
34674393434768,Kennedy (John F.) High (Sacramento),Sacramento,413.0,0
34674393434826,Marshall (Thurgood) Alt,Sacramento,7.0,
34674393435419,McClatchy (C. K.) High,Sacramento,642.0,0
34674393437555,Sacramento High,Sacramento,372.0,
34674393467439,Home/hospital and independent study (Sacramento) [1],Sacramento,13.0,
34674396061832,Carson (Kit) Middle,Sacramento,14.0,0
34674470000001,District Students in NPS (Sacramento) [7],Sacramento,13.0,0
34674470121467,Aspire Alexander Twilight Secondary Academy,Sacramento,34.0,1
34674470135772,Meraki High,Sacramento,17.0,0
34674473430048,Mesa Verde High,Sacramento,224.0,0
34674473430097,La Entrada Continuation High,Sacramento,48.0,0
34674473430139,School 34674473430139,,,
34674473430238,Via Del Campo Cont. High,Sacramento,,
34674473430295,Palos Verde Continuation,Sacramento,,
34674473430386,El Sereno Alternative Educati,Sacramento,100.0,0
34674473430394,La Vista Center,Sacramento,15.0,0
34674473430402,"Sierra Nueva High, Cont.",Sacramento,29.0,
34674473430493,Bella Vista High,Sacramento,485.0,0
34674473430600,School 34674473430600,,,
34674473430691,Options for Youth-San Juan,Sacramento,191.0,1
34674473430717,Visions In Education,Sacramento,933.0,1
34674473430758,San Juan Choices Charter,Sacramento,75.0,1
34674473430766,Delta Secondary Academy,Sacramento,5.0,
34674473431111,Casa Roble Fundamental High,Sacramento,288.0,0
34674473432051,Del Campo High,Sacramento,387.0,0
34674473432317,El Camino Fundamental High,Sacramento,306.0,0
34674473432838,Encina Preparatory High,Sacramento,192.0,0
34674473435930,Mira Loma High,Sacramento,414.0,0
34674473436714,Rio Americano High,Sacramento,473.0,0
34674473437290,School 34674473437290,,,
34674473438504,San Juan High,Sacramento,140.0,0
34674473467447,Home/hospital and independent study (Sacramento) [2],Sacramento,,
34674476034664,Ruff (Laurel) Center,Sacramento,20.0,0
34674476104244,Valley Oaks,Sacramento,3.0,
34739730000001,District Students in NPS (Sacramento) [8],Sacramento,,0
34739730106377,Global Youth Charter High,Sacramento,4.0,
34739733403081,School 34739733403081,,,
34739733430378,Center High,Sacramento,328.0,0
34739733430451,"McClellan High, Cont.",Sacramento,36.0,0
34739733430816,Antelope View Charter,Sacramento,11.0,
34752830000001,District Students in NPS (Sacramento) [9],Sacramento,,0
34752830102236,Inderkum High,Sacramento,548.0,0
34752830102319,Sacramento Valley Technicial,Sacramento,18.0,
34752830108860,Westlake Charter,Sacramento,111.0,1
34752830112425,Natomas Pacific Pathways Prep,Sacramento,157.0,1
34752830120113,Natomas Pacific Pathways Middl,Sacramento,,1
34752830126060,Leroy Greene Academy,Sacramento,91.0,1
34752833430584,Natomas High,Sacramento,289.0,0
34752833430626,Discovery High,Sacramento,54.0,0
34752833430659,Natomas Charter,Sacramento,140.0,1
34765050000001,District Students in NPS (Sacramento) [10],Sacramento,,0
34765050101832,Futures High (Sacramento) [2],Sacramento,50.0,1
34765050108183,Nova Community Day (Sacramento) [2],Sacramento,,
34765050108415,Heritage Peak Charter (Sacramento) [2],Sacramento,107.0,1
34765050108795,Creative Connections Arts Aca,Sacramento,35.0,1
34765050108837,Community Collaborative Chart,Sacramento,84.0,1
34765050114272,Sava (Sacramento) [2],Sacramento,21.0,1
34765050114280,California Aerospace Academy,Sacramento,16.0,
34765050125203,Nova Opportunity,Sacramento,,
34765050130757,Highlands Community Charter,Sacramento,392.0,1
34765050139584,California Innovative Career Academy,Sacramento,140.0,1
34765053430261,Pacific Career/Tech High Cont.,Sacramento,75.0,0
34765053430634,Elwood J. Keema High,Sacramento,166.0,0
34765053430881,Vista Nueva Career and Tech (Sacramento) [2],Sacramento,91.0,0
34765053433265,Foothill High (Sacramento) [2],Sacramento,354.0,0
34765053433794,Grant Union High (Sacramento) [2],Sacramento,497.0,0
34765053434370,Highlands High (Sacramento) [2],Sacramento,194.0,0
34765053436979,Rio Linda High (Sacramento) [2],Sacramento,398.0,0
35103550132308,School 35103550132308,,12.0,0
35103553530037,San Benito County Opportunity,San Benito,3.0,0
35103553530045,Juvenile Hall/Community (San Benito),San Benito,22.0,0
35675380000001,District Students in NPS (San Benito),San Benito,,0
35675383530029,San Andreas Continuation High,San Benito,83.0,0
35675383536505,School 35675383536505,,,
35675383537008,San Benito High,San Benito,829.0,0
35752593530060,Anzar High,San Benito,64.0,0
36103630107466,Community/Independent Altern.,San Bernardino,67.0,0
36103630115808,Norton Space and Aeronautics,San Bernardino,49.0,1
36103630123364,Bob Murphy Co. Community Day,San Bernardino,21.0,
36103630123372,High Desert Assessment Ctr.,San Bernardino,27.0,
36103630140012,Entrepeneur High Schl Fontana,San Bernardino,93.0,1
36103633630431,Detention and Assessment,San Bernardino,71.0,0
36103633630761,Excelsior Charter (San Bernardino) [1],San Bernardino,362.0,1
36103633630969,Desert Mountain Community Day,San Bernardino,20.0,
36103633630977,East Valley Community Day,San Bernardino,19.0,
36103633630985,West End Community Day,San Bernardino,50.0,
36103633631165,Dorothy Gibson,San Bernardino,19.0,
36103636069348,Special Education (San Bernardino),San Bernardino,277.0,0
36675870000001,District Students in NPS (San Bernardino) [1],San Bernardino,,0
36675870120592,Alta Vista Public,San Bernardino,219.0,
36675870128462,Taylion High Desert Academy/Adelanto,San Bernardino,17.0,1
36676110000001,District Students in NPS (San Bernardino) [2],San Bernardino,,0
36676110124628,BUSD School of Opportunity,San Bernardino,2.0,0
36676113630688,School 36676113630688,,,
36676113630712,Central High (Continuation),San Bernardino,76.0,0
36676113630803,Barstow High,San Bernardino,390.0,0
36676370000001,District Students in NPS (San Bernardino) [3],San Bernardino,,0
36676373630290,"Chautauqua High, Cont.",San Bernardino,25.0,0
36676373630654,School 36676373630654,,,
36676373631066,Big Bear High,San Bernardino,156.0,0
36676373631173,Charter School of Big Bear Val,San Bernardino,11.0,
36676520000001,District Students in NPS (San Bernardino) [4],San Bernardino,17.0,0
36676520126243,Chaffey District Online High,San Bernardino,27.0,0
36676523630225,Alta Loma High,San Bernardino,596.0,0
36676523630373,Etiwanda High,San Bernardino,862.0,0
36676523630571,Rancho Cucamonga High,San Bernardino,805.0,0
36676523630845,Chaffey Community Day,San Bernardino,9.0,0
36676523630860,Canyon View High (Cont),San Bernardino,185.0,
36676523631058,Los Osos High,San Bernardino,690.0,0
36676523631157,Colony High,San Bernardino,527.0,0
36676523632205,Chaffey High,San Bernardino,782.0,0
36676523633906,Montclair High,San Bernardino,629.0,0
36676523634482,Ontario High,San Bernardino,498.0,0
36676523637659,"Valley View High, Cont.",San Bernardino,340.0,0
36676523638624,School 36676523638624,,,
36676780000001,District Students in NPS (San Bernardino) [5],San Bernardino,,0
36676783630035,Don Antonio Lugo High,San Bernardino,314.0,0
36676783630522,Ruben S. Ayala High,San Bernardino,635.0,0
36676783631017,Chino Hills High,San Bernardino,687.0,0
36676783631181,Chino Valley Learning Academy,San Bernardino,3.0,0
36676783631587,Boys Republic High,San Bernardino,50.0,0
36676783631769,Buena Vista Continuation High,San Bernardino,98.0,0
36676783632502,Chino High,San Bernardino,519.0,0
36676860000001,District Students in NPS (San Bernardino) [6],San Bernardino,,0
36676860100271,Las Banderas Academy,San Bernardino,74.0,
36676860114017,Nova Meridian Academy,San Bernardino,,
36676860125500,Grand Terrace High,San Bernardino,412.0,0
36676863630399,Washington High (San Bernardino),San Bernardino,12.0,0
36676863631322,Bloomington High,San Bernardino,448.0,0
36676863632742,Colton High,San Bernardino,432.0,0
36676863636131,"Slover Mountain High, Cont.",San Bernardino,184.0,0
36676863667686,Home/hospital and independent study (San Bernardino) [1],San Bernardino,,
36677100000001,District Students in NPS (San Bernardino) [7],San Bernardino,,0
36677100107656,School of Language,San Bernardino,19.0,
36677100108191,Summit High (San Bernardino),San Bernardino,681.0,0
36677100116988,Fontana Unified Community Day,San Bernardino,1.0,
36677100118786,Fontana Alternative Learning,San Bernardino,7.0,
36677100120758,Jurupa Hills High,San Bernardino,435.0,0
36677103630019,"Birch High, Cont.",San Bernardino,168.0,0
36677103630480,Citrus High (Continuation),San Bernardino,198.0,0
36677103630555,Fontana Miller (A. B.) High,San Bernardino,488.0,0
36677103630902,Kaiser (Henry J.) High,San Bernardino,415.0,0
36677103633302,Fontana High,San Bernardino,634.0,0
36677103667710,Home/hospital and independent study (San Bernardino) [2],San Bernardino,,
36677360116723,Academy of Careers and Explor,San Bernardino,56.0,1
36677360128439,Empire Springs Charter,San Bernardino,73.0,1
36677360130948,Independence Charter Academy,San Bernardino,28.0,1
36677360131151,Alta Vista South Public Charter,San Bernardino,81.0,
36677360136069,Sage Oak Charter,San Bernardino,62.0,1
36677360136937,Vista Norte Public Charter,San Bernardino,34.0,1
36677360139576,Excel Academy Charter (San Bernardino),San Bernardino,8.0,1
36677770000001,District Students in NPS (San Bernardino) [8],San Bernardino,,
36677770124214,Hope Academy Charter,San Bernardino,234.0,
36677773630209,Monument Alternative/Continuat,San Bernardino,68.0,
36677773630217,Black Rock Alternative/Cont.,San Bernardino,91.0,0
36677773636743,Twentynine Palms High,San Bernardino,179.0,0
36677773638616,Yucca Valley High,San Bernardino,292.0,0
36678010132720,School 36678010132720,,15.0,0
36678013630266,Ed. Training Ctr.,San Bernardino,4.0,0
36678013631140,Needles Community,San Bernardino,,
36678013634169,Needles High,San Bernardino,48.0,0
36678270108845,Sedona Charter Academy,San Bernardino,46.0,
36678270111807,Mojave River Academy,San Bernardino,7.0,
36678270113928,Riverside Preparatory,San Bernardino,222.0,1
36678270137174,Mojave River Academy - Gold Canyon,San Bernardino,48.0,1
36678270137182,Mojave River Academy - National Trails,San Bernardino,147.0,1
36678270137190,Mojave River Academy - Oro Grande,San Bernardino,191.0,1
36678270137208,Mojave River Academy - Route 66,San Bernardino,112.0,1
36678270137216,Mojave River Academy - Rockview Park,San Bernardino,43.0,1
36678270137224,Mojave River Academy - Silver Mountain,San Bernardino,87.0,1
36678270137232,Mojave River Academy - Marble City,San Bernardino,40.0,1
36678273631041,California Charter Oro,San Bernardino,179.0,
36678430000000,School 36678430000000,San Bernardino,34.0,0
36678430000001,District Students in NPS (San Bernardino) [9],San Bernardino,,0
36678430118802,Citrus Valley High,San Bernardino,528.0,0
36678430127837,Redlands eAcademy,San Bernardino,10.0,0
36678433630779,Redlands East Valley High,San Bernardino,461.0,0
36678433630928,Grove,San Bernardino,32.0,1
36678433634946,School 36678433634946,,,
36678433634995,"Orangewood High, Cont.",San Bernardino,165.0,0
36678433635042,Redlands Senior High,San Bernardino,547.0,0
36678433667843,Home/hospital and independent study (San Bernardino) [3],San Bernardino,54.0,
36678500000001,District Students in NPS (San Bernardino) [10],San Bernardino,,0
36678500102095,Rialto Community Day,San Bernardino,1.0,
36678500102830,Wilmer Amina Carter High,San Bernardino,488.0,0
36678503630159,Milor Continuation High,San Bernardino,217.0,0
36678503630530,Zupanic High,San Bernardino,42.0,0
36678503630597,Rialto High,San Bernardino,656.0,0
36678503631116,Carter-Walters,San Bernardino,,
36678503633005,Eisenhower Senior High,San Bernardino,519.0,0
36678503667850,Home/hospital and independent study (San Bernardino) [4],San Bernardino,,
36678506111744,Ethel Kucera Middle,San Bernardino,,0
36678680000001,District Students in NPS (San Bernardino) [11],San Bernardino,,0
36678680102210,Rim Academy,San Bernardino,,
36678680133181,School 36678680133181,,19.0,0
36678683630241,Mountain High (San Bernardino),San Bernardino,24.0,0
36678683635265,Rim of the World Senior High,San Bernardino,215.0,0
36678760000001,District Students in NPS (San Bernardino) [12],San Bernardino,17.0,0
36678760107698,The Academy,San Bernardino,4.0,
36678760107730,ASA Charter,San Bernardino,17.0,1
36678760109850,Public Safety Academy (San Bernardino),San Bernardino,52.0,1
36678760114405,Casa Ramona Academy for Techn,San Bernardino,10.0,
36678760120006,New Vision Middle,San Bernardino,,1
36678760120568,Options for Youth-San Bernard,San Bernardino,86.0,1
36678760120691,Crown Ridge Academy,San Bernardino,28.0,
36678760122572,Carden Virtual Academy,San Bernardino,302.0,
36678760125450,Indian Springs High,San Bernardino,452.0,0
36678760128405,Center For Learning and Educational Success,San Bernardino,11.0,
36678760128934,School 36678760128934,,,
36678760136952,Entrepreneur High,San Bernardino,156.0,1
36678760141689,School 36678760141689,,62.0,0
36678763630308,San Andreas High,San Bernardino,269.0,0
36678763630548,Alt Learning Ctr,San Bernardino,9.0,0
36678763630910,Boys and Girls Club Academy,San Bernardino,,
36678763630951,YWCA Academy,San Bernardino,,
36678763630993,PAL Academy,San Bernardino,110.0,1
36678763631082,Arroyo Valley High,San Bernardino,673.0,0
36678763631090,Middle College High (San Bernardino),San Bernardino,67.0,0
36678763632221,Cajon High,San Bernardino,687.0,0
36678763632809,Sierra High (San Bernardino),San Bernardino,292.0,0
36678763634680,Pacific High (San Bernardino),San Bernardino,312.0,0
36678763635745,School 36678763635745,,,
36678763635844,San Bernardino High,San Bernardino,360.0,0
36678763636081,San Gorgonio High,San Bernardino,358.0,0
36678763667876,Home/hospital and independent study (San Bernardino) [5],San Bernardino,,
36678766036990,Anderson,San Bernardino,12.0,0
36678920110296,Trona Community Day,San Bernardino,2.0,
36678920134247,California STEAM San Bernardino,San Bernardino,305.0,
36678920138321,School 36678920138321,,11.0,
36678923636487,Trona High,San Bernardino,21.0,0
36679340000001,District Students in NPS (San Bernardino) [13],San Bernardino,,0
36679340101931,Matthews (Susie) Academy,San Bernardino,11.0,
36679340105833,High Desert Academy of Applie,San Bernardino,19.0,
36679340106039,Victor Valley Home Academy,San Bernardino,132.0,
36679340110064,University Preparatory (San Bernardino),San Bernardino,184.0,0
36679340120857,Goodwill Success Program,San Bernardino,1.0,
36679340125419,Adelanto High,San Bernardino,562.0,0
36679340137638,Lakeview Leadership Academy,San Bernardino,69.0,0
36679340138123,Goodwill Independent Study,San Bernardino,70.0,0
36679340140202,School 36679340140202,,30.0,0
36679343630100,Goodwill High,San Bernardino,68.0,0
36679343630670,Opt. for Youth Charter,San Bernardino,127.0,1
36679343630704,School 36679343630704,,,
36679343630761,Excelsior Charter (San Bernardino) [2],San Bernardino,326.0,
36679343630787,Silverado High,San Bernardino,541.0,0
36679343638012,Victor Valley High,San Bernardino,564.0,0
36679346114698,Cimsa,San Bernardino,171.0,0
36679590000001,District Students in NPS (San Bernardino) [14],San Bernardino,,0
36679590101410,Oak View High School & Educat,San Bernardino,38.0,0
36679590101816,Green Valley Independent Stud,San Bernardino,7.0,0
36679593633351,Green Valley High,San Bernardino,62.0,0
36679593638509,Yucaipa High,San Bernardino,689.0,0
36679596037444,Yucaipa High Ninth Grade Camp,San Bernardino,,
36738583630076,Baker High,San Bernardino,14.0,0
36738900118109,Silver Valley Community Day,San Bernardino,1.0,
36738903630274,Silver Valley High,San Bernardino,77.0,0
36738903630282,Calico Continuation High,San Bernardino,3.0,0
36738903631199,Silver Valley Academy,San Bernardino,16.0,0
36739570000001,District Students in NPS (San Bernardino) [15],San Bernardino,,0
36739573630233,Serrano High,San Bernardino,541.0,0
36739573630365,Chaparral High (San Bernardino),San Bernardino,91.0,0
36739573630589,Desert View Independent,San Bernardino,5.0,0
36739573630720,Eagle Summit (Charter),San Bernardino,9.0,
36739573630936,California Charter Academy,San Bernardino,146.0,
36739573631033,California Charter Affil,San Bernardino,293.0,
36739573631108,Eagle Summit Community Day,San Bernardino,4.0,0
36750440000001,District Students in NPS (San Bernardino) [16],San Bernardino,,0
36750440102160,Oasis Charter Academy,San Bernardino,5.0,
36750440107516,Summit Leadership Academy-High,San Bernardino,42.0,1
36750440109892,Arch,San Bernardino,42.0,
36750440114389,Mirus Secondary,San Bernardino,25.0,1
36750440115444,Canyon Ridge High,San Bernardino,126.0,0
36750440116707,Encore High for the Performin,San Bernardino,114.0,1
36750440119115,Oak Hills High,San Bernardino,592.0,0
36750443630407,Hesperia High,San Bernardino,601.0,0
36750443630472,Mojave High,San Bernardino,149.0,0
36750443630746,Sultana High,San Bernardino,524.0,0
36750443630811,Shadow Ridge,San Bernardino,24.0,0
36750443630886,School 36750443630886,,,
36750443630944,Hesperia Community Day,San Bernardino,1.0,0
36750443631132,Crosswalk: Higher Education L,San Bernardino,16.0,
36750443675044,Home/hospital and independent study (San Bernardino) [6],San Bernardino,,
36750510000001,Lucerne Valley Unified Programs,San Bernardino,,0
36750510114413,Lucerne Valley Career Academy,San Bernardino,11.0,
36750510115089,Sky Mountain Charter,San Bernardino,98.0,1
36750510136432,Alta Vista Innovation High,San Bernardino,150.0,1
36750510136960,Elite Academic Academy - Lucerne,San Bernardino,38.0,1
36750510137794,Gorman Learning Center San Bernardino/Santa Clarita,San Bernardino,119.0,1
36750510138107,Elite Academic Academy - Adult Work Force Investment,San Bernardino,38.0,1
36750510139188,Granite Mountain Charter,San Bernardino,2.0,1
36750510139618,Triumph Academy,San Bernardino,6.0,
36750513630563,Lucerne Valley High,San Bernardino,48.0,0
36750513630647,School 36750513630647,,,
36750513630696,Mountain View High (San Bernardino),San Bernardino,10.0,0
36750513630795,Lucerne Valley Community,San Bernardino,4.0,
36750690000001,District Students in NPS (San Bernardino) [17],San Bernardino,,0
36750690110676,School 36750690110676,,,
36750693630456,Hillside High,San Bernardino,100.0,0
36750693637584,Upland High,San Bernardino,699.0,0
36750693675069,School 36750693675069,,,
36750696113427,Options for Youth,San Bernardino,421.0,
36750770000001,District Students in NPS (San Bernardino) [18],San Bernardino,,0
36750773630423,Apple Valley High,San Bernardino,553.0,0
36750773630464,"Willow Park High, Cont.",San Bernardino,34.0,
36750773630837,Academy Academic Exc Char,San Bernardino,42.0,
36750773630894,Granite Hills High (San Bernardino),San Bernardino,448.0,0
36750773631009,High Desert Premier Academy,San Bernardino,55.0,0
36750773631207,Academy for Academic Exc.,San Bernardino,110.0,1
37103710000001,San Diego Co. Off. Educ. Programs,San Diego,,
37103710114678,High Tech High Chula Vista (San Diego) [1],San Diego,,1
37103710114694,High Tech High North County (San Diego) [1],San Diego,,1
37103710115857,Hope Region Community Day,San Diego,7.0,
37103710115915,East Region Community,San Diego,72.0,
37103710115923,South Region Community,San Diego,175.0,
37103710115931,Hope Region Community,San Diego,8.0,
37103710115949,Metro Region Community,San Diego,193.0,
37103710115956,North Region Community,San Diego,69.0,
37103710115964,Mountain Region Court,San Diego,114.0,
37103710115972,Mesa Region Court,San Diego,154.0,
37103710115998,San Pasqual Academy,San Diego,18.0,0
37103710116012,Metro Region Court,San Diego,4.0,
37103710116020,East Region Court,San Diego,10.0,
37103710116038,North Region Court,San Diego,12.0,
37103710120493,Monarch Elementary Community,San Diego,13.0,0
37103710124677,East Region Community-El Cajon,San Diego,61.0,
37103710124685,East Region Community-La Mesa,San Diego,65.0,
37103710124693,North Region Community-Escondi,San Diego,46.0,
37103710124701,North Region Community-Oceansi,San Diego,25.0,
37103710124719,North Region Community-San Mar,San Diego,48.0,
37103710126318,Metro Central Region Community,San Diego,53.0,
37103710126326,Metro East Region Community,San Diego,50.0,
37103710126334,Metro South Region Community,San Diego,118.0,
37103710126342,South Reg Comm Chula Vista,San Diego,47.0,
37103710126359,Sth Reg Comm National City,San Diego,91.0,
37103710126367,South Reg Community San Diego,San Diego,73.0,
37103710128520,San Diego County Community,San Diego,324.0,0
37103710128538,School 37103710128538,,187.0,0
37103710134577,Audeo Charter School I,San Diego,27.0,1
37103710136473,Altus Schools South Bay-sweetwater,San Diego,,1
37103710137067,High Tech High Mesa (San Diego) [1],San Diego,,1
37103710137752,Dimensions Collaborative,San Diego,53.0,1
37103710138792,JCS - Manzanita,San Diego,9.0,1
37103711996545,Discovery Hills and Valley,San Diego,17.0,0
37103713730710,San Diego Juvenile Court,San Diego,98.0,
37103713731403,South Region Community Day Sch,San Diego,13.0,
37103713731411,Metro Region Community Day Sch,San Diego,27.0,
37103713731429,North Region Community Day Sch,San Diego,5.0,
37103713731445,East Region Community Day S,San Diego,3.0,
37103713731510,Summit Schools,San Diego,165.0,
37103716119119,Literacy First Charter,San Diego,60.0,1
37679753731577,Bonsall Charter Academy,San Diego,16.0,
37679830110379,Santa Rosa Community Day,San Diego,1.0,
37679830117887,Juan Bautista de Anza,San Diego,7.0,
37679830131144,Diego Springs Academy,San Diego,43.0,
37679830134890,San Diego Workforce Innovation High,San Diego,278.0,1
37679833730447,Borrego Springs High,San Diego,31.0,0
37679833731098,Palm Canyon Continuation,San Diego,4.0,
37679910140558,Bostonia Global,San Diego,25.0,1
37680230138073,Chula Vista Learning Community Charter,San Diego,35.0,1
37680236037980,Mueller Charter (Robert L.),San Diego,124.0,1
37680236115778,Chula Vista Learning Communit,San Diego,101.0,1
37680310000001,District Students in NPS (San Diego) [1],San Diego,,0
37680310126110,Coronado Pathways Charter,San Diego,9.0,
37680313731122,Palm Acad for Learn,San Diego,8.0,
37680313731478,Coronado High,San Diego,250.0,0
37680490119990,Diego Hills Charter,San Diego,32.0,
37680490129221,MethodSchools,San Diego,16.0,1
37680490131169,Valiant Academy of Southern California,San Diego,131.0,
37680490132506,Cabrillo Point Academy,San Diego,171.0,1
37680490136416,Pacific Coast Academy,San Diego,128.0,1
37680490136614,Diego Hills Central Public Charter,San Diego,79.0,1
37680490136747,California Academy of Sports Science,San Diego,7.0,
37680490138313,University Prep,San Diego,20.0,
37680496119564,Dehesa Charter,San Diego,31.0,
37681060000001,District Students in NPS (San Diego) [2],San Diego,,0
37681060111195,Classical Academy High,San Diego,334.0,1
37681060123430,Escondido Community Day,San Diego,,
37681060127241,Del Lago Academy - Campus of Applied Science,San Diego,191.0,0
37681060137034,Audeo Charter School III,San Diego,21.0,1
37681063730025,School 37681063730025,,,
37681063730058,San Pasqual High,San Diego,462.0,0
37681063730744,Center City High,San Diego,80.0,
37681063731023,Escondido Charter High,San Diego,233.0,1
37681063731114,Valley Center High (San Diego) [1],San Diego,249.0,
37681063732054,"Valley High, Cont.",San Diego,173.0,0
37681063732062,Escondido High,San Diego,414.0,0
37681063735313,Orange Glen High,San Diego,447.0,0
37681220000001,District Students in NPS (San Diego) [3],San Diego,,0
37681223730967,"Oasis High, Alt.",San Diego,26.0,0
37681223732179,Fallbrook High,San Diego,463.0,0
37681223732195,"Ivy High, Cont.",San Diego,70.0,0
37681223768122,Home/hospital and independent study (San Diego) [1],San Diego,,
37681300000001,District Students in NPS (San Diego) [4],San Diego,17.0,0
37681300100313,Gateway West,San Diego,2.0,
37681300117820,Liberty Charter,San Diego,51.0,
37681300128793,School 37681300128793,,14.0,0
37681300128819,School 37681300128819,,13.0,0
37681300132548,IDEA Center,San Diego,75.0,0
37681300139063,The Learning Choice Academy - East County,San Diego,34.0,1
37681303730066,Valhalla High,San Diego,432.0,0
37681303730199,School 37681303730199,,,
37681303730702,West Hills High,San Diego,406.0,0
37681303731262,Steele Canyon High,San Diego,550.0,1
37681303731270,Gateway Community Day (San Diego),San Diego,4.0,
37681303731536,Grossmont Middle College,San Diego,9.0,0
37681303731692,El Cajon Valley High,San Diego,425.0,0
37681303731809,El Capitan High (San Diego),San Diego,452.0,0
37681303732336,Granite Hills High (San Diego),San Diego,583.0,0
37681303732559,Chaparral High (San Diego),San Diego,14.0,0
37681303732625,Grossmont High,San Diego,543.0,0
37681303732732,Helix High,San Diego,638.0,1
37681303734548,Monte Vista High (San Diego),San Diego,386.0,0
37681303734761,Mount Miguel High,San Diego,385.0,0
37681303737905,Santana High,San Diego,405.0,0
37681303738077,Grossmont Union High Special,San Diego,28.0,
37681303739000,Phoenix High (San Diego),San Diego,75.0,
37681556117303,Greater San Diego Academy Home,San Diego,12.0,1
37681630124271,Diego Valley Public,San Diego,61.0,
37681630128421,Harbor Springs Charter,San Diego,15.0,1
37681630137109,Diego Valley East Public Charter,San Diego,43.0,1
37681630139402,School 37681630139402,,52.0,1
37681633731239,Julian Charter,San Diego,6.0,1
37681710000001,District Students in NPS (San Diego) [5],San Diego,,0
37681710102400,Summit High Community Day,San Diego,,
37681713730835,"Redding (Ray) High, Cont.",San Diego,1.0,
37681713731254,Eagles Peak Charter,San Diego,402.0,
37681713733219,Julian High,San Diego,22.0,0
37681890102228,East County Academy of Learni,San Diego,9.0,
37681890118323,National University Academy,San Diego,21.0,
37681893731072,River Valley Charter,San Diego,51.0,1
37682130000001,District Students in NPS (San Diego) [6],San Diego,,0
37682130119263,CalPac SD,San Diego,104.0,
37682130119560,San Diego Neighborhood Homesch,San Diego,14.0,
37682130120253,Mountain Peak Charter,San Diego,3.0,
37682130123224,San Diego Virtual,San Diego,161.0,1
37682130123240,Pivot Charter School - San Di,San Diego,30.0,
37682130127050,Acad. Arts & Sci:El Cajon 6-12,San Diego,9.0,
37682130127084,Acad Arts & Sci: Del Mar 6-12,San Diego,51.0,1
37682130129668,Motivated Youth Academy,San Diego,30.0,1
37682130136978,Elite Academic Academy - Mountain Empire,San Diego,16.0,1
37682130138636,JCS - Pine Valley,San Diego,8.0,1
37682133730934,"Campo High, Cont.",San Diego,3.0,0
37682133730983,Mountain Meadow High,San Diego,10.0,
37682133730991,Hillside Junior/Senior High,San Diego,5.0,0
37682133731080,Cottonwood Community Day,San Diego,1.0,
37682133731619,Mountain Empire Applied Scienc,San Diego,9.0,
37682133734878,Mountain Empire High,San Diego,93.0,0
37682960000001,District Students in NPS (San Diego) [7],San Diego,11.0,0
37682960118935,Del Norte High (San Diego),San Diego,639.0,0
37682960141390,Poway To Palomar Middle College,San Diego,45.0,0
37682963730074,Mt. Carmel High,San Diego,450.0,0
37682963730819,Rancho Bernardo High,San Diego,552.0,0
37682963731528,Westview High,San Diego,529.0,0
37682963735842,Abraxas Continuation High,San Diego,199.0,0
37682963735867,Poway High,San Diego,525.0,0
37682963768296,School 37682963768296,,24.0,
37683040000001,District Students in NPS (San Diego) [8],San Diego,,0
37683040102178,Future Bound Independent Stud,San Diego,8.0,0
37683040131250,Mountain Valley Academy,San Diego,31.0,0
37683043731353,Ramona Community Day,San Diego,6.0,
37683043731544,Sun Valley Charter,San Diego,25.0,
37683043735958,"Montecito High, Cont.",San Diego,57.0,0
37683043735974,Ramona High (San Diego),San Diego,351.0,0
37683046106264,Ramona Community,San Diego,30.0,
37683380000001,District Students in NPS (San Diego) [9],San Diego,36.0,0
37683380106732,High Tech High International,San Diego,90.0,1
37683380106799,Learning Choice Academy,San Diego,28.0,1
37683380107029,San Diego International Studi,San Diego,250.0,
37683380107037,San Diego LEADS,San Diego,70.0,
37683380107045,San Diego Communication,San Diego,55.0,
37683380107052,San Diego Business,San Diego,138.0,
37683380107060,San Diego MVP Arts,San Diego,103.0,
37683380107078,Kearny Digital Media & Design,San Diego,88.0,0
37683380107086,Kearny SCT,San Diego,67.0,0
37683380107094,Kearny International Business,San Diego,85.0,0
37683380107102,Kearny Construction Tech,San Diego,78.0,0
37683380107177,Crawford High,San Diego,330.0,0
37683380107185,Crawford CHAMPS,San Diego,80.0,
37683380107193,Crawford Law and Business,San Diego,50.0,
37683380107201,Crawford IDEA,San Diego,59.0,
37683380107219,San Diego Science and Technol,San Diego,400.0,0
37683380107482,San Diego Metro Career and Te,San Diego,36.0,0
37683380107821,Randolph (A. Phillip)  Academy,San Diego,5.0,
37683380108787,High Tech High Media Arts,San Diego,89.0,1
37683380109025,Gompers Charter Middle,San Diego,,
37683380114025,Lincoln High (San Diego),San Diego,372.0,0
37683380114462,Health Sciences High,San Diego,134.0,1
37683380114520,Arroyo Paseo Charter High,San Diego,45.0,
37683380118315,San Diego Early/Middle College,San Diego,18.0,0
37683380118851,King-Chavez Community High,San Diego,56.0,1
37683380119610,Gompers Preparatory Academy,San Diego,156.0,1
37683380120410,iHigh Virtual Academy,San Diego,22.0,0
37683380121178,Iftin High,San Diego,1.0,
37683380122788,Coleman Tech Charter High,San Diego,44.0,1
37683380124347,City Heights Preparatory Char,San Diego,5.0,1
37683380126938,Home & Hospital Transition,San Diego,15.0,0
37683380127647,e3 Civic High,San Diego,90.0,1
37683380128744,Laurel Preparatory Academy,San Diego,47.0,
37683380131979,Ingenuity Charter,San Diego,72.0,1
37683380135913,Urban Discovery Academy Charter,San Diego,21.0,1
37683380136663,America's Finest Charter,San Diego,16.0,1
37683380137802,National University Academy 1001 STEAM,San Diego,22.0,
37683380140319,School 37683380140319,,156.0,0
37683383730116,John Muir,San Diego,7.0,0
37683383730173,Serra High,San Diego,296.0,0
37683383730181,Mira Mesa High,San Diego,547.0,0
37683383730231,Twain High,San Diego,233.0,0
37683383730280,San Diego Adult Education,San Diego,,
37683383730314,University City High,San Diego,366.0,0
37683383730348,Gompers High,San Diego,145.0,
37683383730363,Whittier K-12,San Diego,9.0,0
37683383730371,San Diego SCPA,San Diego,183.0,0
37683383730751,Mt. Everest Academy,San Diego,30.0,0
37683383730876,Youth Oppor. Unlimited Sec. (A,San Diego,31.0,
37683383730884,Scripps Ranch High,San Diego,472.0,0
37683383730959,Charter School of San Diego,San Diego,249.0,1
37683383731056,Metro (Special Education),San Diego,508.0,0
37683383731130,Alba,San Diego,1.0,0
37683383731189,Preuss School UCSD,San Diego,115.0,1
37683383731213,Clairemont High,San Diego,206.0,0
37683383731247,High Tech High,San Diego,103.0,1
37683383731320,Cortez Hill Academy,San Diego,43.0,
37683383731395,Audeo Charter,San Diego,86.0,1
37683383731585,Crawford Senior High,San Diego,300.0,
37683383732781,Henry High,San Diego,621.0,0
37683383732997,Hoover High,San Diego,503.0,0
37683383733326,Kearny Senior High,San Diego,324.0,
37683383733508,La Jolla High,San Diego,294.0,0
37683383733581,Lincoln Senior High,San Diego,150.0,
37683383733698,Madison High,San Diego,195.0,0
37683383734431,Mission Bay High,San Diego,310.0,0
37683383734654,Morse High,San Diego,398.0,0
37683383735750,Point Loma High,San Diego,431.0,0
37683383737152,San Diego Senior High,San Diego,415.0,
37683383737962,Garfield High,San Diego,208.0,0
37683383768338,School 37683383768338,,12.0,
37683386039911,Longfellow K-8,San Diego,,0
37683386040000,Language Academy,San Diego,,0
37683386040083,Riley/New Dawn,San Diego,16.0,0
37683386059588,Bell Middle,San Diego,,0
37683386059620,Hale Junior High,San Diego,,
37683386059703,Roosevelt International Middl,San Diego,,0
37683386061956,Memorial Academy,San Diego,,
37683386061964,O'Farrell Charter,San Diego,168.0,1
37683460000001,District Students in NPS (San Diego) [10],San Diego,,0
37683460106328,Canyon Crest Academy,San Diego,537.0,0
37683463730033,Torrey Pines High,San Diego,634.0,0
37683463730769,North Coast Alter. High,San Diego,7.0,
37683463731007,La Costa Canyon High,San Diego,444.0,0
37683463737384,"Sunset High, Cont.",San Diego,50.0,0
37683463737418,San Dieguito High Academy,San Diego,461.0,0
37684030125401,CA Virtual Acad - Santa Ysabel,San Diego,117.0,1
37684036120893,CAVA@San Diego,San Diego,191.0,1
37684110000000,School 37684110000000,,461.0,0
37684110000001,District Students in NPS (San Diego) [11],San Diego,16.0,0
37684110111831,Olympian High,San Diego,572.0,0
37684110115873,East Hills Academy,San Diego,28.0,0
37684110116350,Bounce Back Independent Study,San Diego,1605.0,
37684110140939,Launch Virtual Academy,San Diego,96.0,0
37684113730124,Southwest Senior High,San Diego,391.0,0
37684113730132,School 37684113730132,,,
37684113730405,Bonita Vista Senior High,San Diego,490.0,0
37684113730801,Castle Park Senior High,San Diego,341.0,0
37684113730843,Eastlake High,San Diego,639.0,0
37684113731064,Chula Vista Senior High,San Diego,466.0,0
37684113731106,San Ysidro Adult Ed Center,San Diego,,
37684113731155,Options Secondary,San Diego,23.0,0
37684113731171,Chula Vista Adult/Del Rey Center,San Diego,,
37684113731205,Fifth Avenue Academy,San Diego,2.0,
37684113731304,MAAC Community Charter,San Diego,148.0,1
37684113731460,Alta Vista Academy,San Diego,6.0,0
37684113731502,San Ysidro High,San Diego,485.0,0
37684113731627,Otay Ranch Senior High,San Diego,610.0,0
37684113732047,"Palomar High, Cont.",San Diego,215.0,0
37684113732849,Hilltop Senior High,San Diego,443.0,0
37684113733953,Mar Vista Senior High,San Diego,304.0,0
37684113738184,School 37684113738184,,,
37684113738226,Sweetwater High,San Diego,572.0,0
37684113738234,Montgomery Senior High,San Diego,392.0,0
37684113768411,Home/hospital and independent study (San Diego) [2],San Diego,223.0,
37684116059778,Granger Junior High,San Diego,,0
37684116117154,Sweetwater Community Day,San Diego,,
37684370101220,RAI Online Charter,San Diego,13.0,
37684370128470,Taylion San Diego Academy,San Diego,77.0,
37684520000001,District Students in NPS (San Diego) [12],San Diego,,0
37684520106120,SIATech,San Diego,483.0,1
37684520114264,North County Trade Tech High,San Diego,34.0,1
37684520115451,Murray High,San Diego,149.0,0
37684520118430,Mission Vista High,San Diego,418.0,0
37684520124917,Guajome Learning Center,San Diego,18.0,1
37684520126300,Vista Visions Acad,San Diego,26.0,0
37684523730207,Sierra Vista High (San Diego),San Diego,17.0,0
37684523730298,School 37684523730298,,,
37684523730728,Rancho Buena Vista High,San Diego,487.0,0
37684523730785,Palomar High Independent Stud,San Diego,29.0,
37684523730942,Guajome Park Acad Charter,San Diego,121.0,1
37684523731288,Vista Focus Academy,San Diego,,
37684523732039,Alta Vista High Continuation,San Diego,64.0,0
37684523738705,Vista High (San Diego),San Diego,436.0,0
37735510000001,District Students in NPS (San Diego) [13],San Diego,,0
37735510127423,Sage Creek High,San Diego,322.0,0
37735513730017,Carlsbad Village Academy,San Diego,57.0,0
37735513730694,Carlsbad High,San Diego,584.0,0
37735513731163,Carlsbad Seaside Academy,San Diego,14.0,0
37735690000001,District Students in NPS (San Diego) [14],San Diego,,0
37735690101089,School of Bus. and Technology,San Diego,14.0,
37735690136267,Coastal Academy Charter,San Diego,51.0,1
37735690140079,School 37735690140079,,84.0,0
37735693731148,Burgener Academy,San Diego,67.0,
37735693731221,Pacific View Charter (San Diego),San Diego,176.0,1
37735693731593,Oceanside S. of Bus. and Tech.,San Diego,,
37735693735206,Oceanside High,San Diego,487.0,0
37735693739018,El Camino High (San Diego),San Diego,616.0,0
37735693739026,Ocean Shores High Continuation,San Diego,81.0,0
37737910000001,District Students in NPS (San Diego) [15],San Diego,,0
37737910105726,Mission Hills High,San Diego,688.0,0
37737910109785,Bayshore Prep Charter,San Diego,8.0,
37737910138222,Pivot Charter School - San Diego II,San Diego,26.0,1
37737913730215,Twin Oaks High,San Diego,84.0,0
37737913730793,Foothills High,San Diego,79.0,0
37737913737632,San Marcos High,San Diego,767.0,0
37754160132472,California Pacific Charter - San Diego,San Diego,120.0,1
37754160138651,San Diego Mission Academy,San Diego,21.0,1
37754160139378,Sage Oak Charter School - South,San Diego,28.0,1
37754160139386,Excel Academy Charter (San Diego),San Diego,36.0,1
37754160139451,Pathways Academy Charter - Adult Education,San Diego,27.0,1
37754163730975,Warner Junior/Senior High,San Diego,16.0,0
37754163731015,San Jose Valley Continuat,San Diego,1.0,
37754166119275,All Tribes Charter,San Diego,11.0,1
37756140000001,District Students in NPS (San Diego) [16],San Diego,,0
37756143731114,Valley Center High (San Diego) [2],San Diego,269.0,0
37756143731312,Oak Glen High,San Diego,29.0,0
37756143731338,School 37756143731338,,,
37756143731601,Valley Center Prep,San Diego,13.0,0
37756146119275,All Tribes,San Diego,12.0,
37764710114678,High Tech High Chula Vista (San Diego) [2],San Diego,156.0,1
37764710114694,High Tech High North County (San Diego) [2],San Diego,79.0,1
37764710137067,High Tech High Mesa (San Diego) [2],San Diego,109.0,1
37768510129320,Bonsall High,San Diego,75.0,0
37768510132886,Pathways Academy Charter,San Diego,36.0,
37769010134429,Thrive Public,San Diego,29.0,
37770320134577,Audeo Charter II,San Diego,39.0,
37770990136077,Grossmont Secondary,San Diego,70.0,1
37771070136473,Sweetwater Secondary,San Diego,60.0,1
38103890000001,County Students in NPS (San Francisco),San Francisco,30.0,0
38103893830270,Youth Guidance Center,San Francisco,,
38103893830361,San Francisco Court,San Francisco,20.0,0
38103893830395,San Francisco Co. Opportunity,San Francisco,15.0,0
38103893830445,Civic Center Sec.,San Francisco,10.0,0
38103896069561,Special Education (San Francisco),San Francisco,5.0,0
38684780000001,District Students in NPS (San Francisco),San Francisco,21.0,0
38684780101261,Cross Cultural Academy,San Francisco,,
38684780101774,Five Keys Charter (SF Sheriff's),San Francisco,22.0,1
38684780102103,Jordan School for Equity,San Francisco,44.0,0
38684780107300,City Arts and Tech High,San Francisco,99.0,1
38684780109769,Metropolitan Arts & Tech High,San Francisco,22.0,
38684780118133,Five Keys Adult School (SF Sheriff's),San Francisco,1.0,
38684780118141,Five Keys Independence HS (SF Sheriff's),San Francisco,153.0,1
38684780119875,S.F. International High,San Francisco,96.0,0
38684780119958,Academy of Arts and Sciences (San Francisco),San Francisco,31.0,0
38684780127530,KIPP San Francisco College Preparatory,San Francisco,49.0,1
38684780128876,Gateway to College (San Francisco),San Francisco,133.0,
38684783830031,Wells (Ida B.) High,San Francisco,85.0,0
38684783830064,Downtown High,San Francisco,32.0,0
38684783830072,McAteer (J. Eugene) High,San Francisco,217.0,
38684783830163,Newcomer High,San Francisco,1.0,
38684783830197,Independence High (San Francisco),San Francisco,65.0,0
38684783830205,Wallenberg Traditional High,San Francisco,130.0,0
38684783830213,Mark Twain High (Cont.),San Francisco,17.0,
38684783830254,Burton Academic High,San Francisco,262.0,0
38684783830288,Balboa High,San Francisco,310.0,0
38684783830353,Intl Studies Academy,San Francisco,32.0,
38684783830387,Asawa SF School of the Arts,San Francisco,170.0,0
38684783830403,Marshall (Thurgood) High,San Francisco,119.0,0
38684783830411,Leadership High,San Francisco,79.0,
38684783830429,Life Learning Academy Charter,San Francisco,17.0,1
38684783830437,Gateway High,San Francisco,116.0,1
38684783830452,Urban Pioneer Experiential,San Francisco,36.0,
38684783831765,Galileo High,San Francisco,438.0,0
38684783833241,Lincoln (Abraham) High (San Francisco),San Francisco,518.0,0
38684783833407,Lowell High,San Francisco,643.0,0
38684783834082,Mission High (San Francisco),San Francisco,248.0,0
38684783834769,O'Connell (John) High,San Francisco,115.0,0
38684783839081,Washington (George) High,San Francisco,517.0,0
38684783839404,Woodrow Wilson High,San Francisco,,
38684786113237,Davis (Gloria R.) Middle,San Francisco,,
38684789007097,School 38684789007097,,,
38767030121814,San Francisco Flex Academy,San Francisco,29.0,
39103970000001,San Joaquin Co. Education Programs,San Joaquin,,0
39103970114447,"Excel Academy Coll, Sport, Hea",San Joaquin,6.0,
39103970120717,one.Charter,San Joaquin,105.0,1
39103970121723,San Joaquin Building Futures,San Joaquin,130.0,
39103973930195,Cruikshank - Juvenile Hall,San Joaquin,37.0,0
39103973930468,San Joaquin County Community,San Joaquin,376.0,0
39103973930476,Venture Academy,San Joaquin,250.0,1
39103976069215,San Joaquin County Special Ed,San Joaquin,29.0,0
39322763930047,De Witt Nelson High,San Joaquin,75.0,
39322763931250,Johanna Boss High (San Joaquin),San Joaquin,85.0,
39322763990025,N.A. Chaderjian High (San Joaquin),San Joaquin,90.0,
39685020000001,District Students in NPS (San Joaquin) [1],San Joaquin,,0
39685020126011,Escalon Charter Academy,San Joaquin,3.0,1
39685023930054,"Vista High, Cont.",San Joaquin,16.0,0
39685023932308,Escalon High,San Joaquin,204.0,0
39685690000001,District Students in NPS (San Joaquin) [2],San Joaquin,,0
39685693930401,Lincoln Community Day 7-12,San Joaquin,3.0,
39685693933793,"Larsson (Sture) High, Cont.",San Joaquin,59.0,0
39685693933801,Lincoln High (San Joaquin),San Joaquin,700.0,0
39685770000001,District Students in NPS (San Joaquin) [3],San Joaquin,,
39685770118307,Pride Continuation,San Joaquin,26.0,0
39685773930351,Linden Unified Community Day,San Joaquin,2.0,
39685773933959,Linden High,San Joaquin,186.0,0
39685850000001,District Students in NPS (San Joaquin) [4],San Joaquin,13.0,0
39685850101956,Aspire Benjamin Holt College,San Joaquin,174.0,1
39685850108225,Ronald E. McNair High,San Joaquin,411.0,0
39685850122580,Rio Valley Charter,San Joaquin,129.0,1
39685850122879,Walter J. Katnich Community D,San Joaquin,3.0,
39685850139261,School 39685850139261,,42.0,0
39685853930187,School 39685853930187,,,
39685853930237,Bear Creek High,San Joaquin,481.0,0
39685853930278,Plaza Robles Continuation High,San Joaquin,106.0,0
39685853930344,Independence,San Joaquin,74.0,0
39685853930377,Henderson Community Day,San Joaquin,,
39685853930443,Middle College High (San Joaquin),San Joaquin,86.0,0
39685853934759,Tokay High,San Joaquin,514.0,0
39685853934767,"Liberty High, Cont. (San Joaquin)",San Joaquin,106.0,0
39685853934783,Lodi High,San Joaquin,488.0,0
39685930000001,District Students in NPS (San Joaquin) [5],San Joaquin,,0
39685930101576,Weston Ranch High,San Joaquin,291.0,0
39685930112565,New Vision High,San Joaquin,65.0,0
39685930116376,Lathrop High,San Joaquin,372.0,0
39685930126094,Manteca Unif. Vocational Acad,San Joaquin,37.0,
39685933930161,School 39685933930161,,,
39685933930310,Sierra High (San Joaquin),San Joaquin,418.0,0
39685933930328,Manteca Community Day (7-12),San Joaquin,4.0,0
39685933930385,Heritage Family Academy,San Joaquin,141.0,
39685933932001,East Union High,San Joaquin,381.0,0
39685933935103,Manteca High,San Joaquin,477.0,0
39685933935111,"Calla High, Cont.",San Joaquin,102.0,0
39686193930435,New Hope Charter,San Joaquin,78.0,
39686270126755,Humphreys College Academy,San Joaquin,66.0,1
39686270127191,CAVA @ San Joaquin,San Joaquin,131.0,1
39686270129890,Academy of Arts and Sciences: San Joaquin,San Joaquin,63.0,1
39686270129908,Delta Keys Charter (San Joaquin) [1],San Joaquin,103.0,
39686270129916,Valley View Charter Prep,San Joaquin,23.0,1
39686270130864,Delta Charter Online (San Joaquin) [1],San Joaquin,32.0,
39686270132365,School 39686270132365,,14.0,
39686270133116,Insight @ San Joaquin,San Joaquin,162.0,1
39686270136028,Delta Keys Charter (San Joaquin) [2],San Joaquin,155.0,1
39686270136135,Delta Charter Online (San Joaquin) [2],San Joaquin,31.0,1
39686276119309,Delta Charter (San Joaquin),San Joaquin,89.0,1
39686500000001,District Students in NPS (San Joaquin) [6],San Joaquin,,0
39686500125849,California Connections Academy,San Joaquin,194.0,1
39686500128215,School 39686500128215,,16.0,0
39686503930419,Ripon Community Day,San Joaquin,1.0,
39686503935756,Ripon High,San Joaquin,263.0,0
39686760000001,District Students in NPS (San Joaquin) [7],San Joaquin,,0
39686760101758,"Institute of Business, Manage",San Joaquin,62.0,
39686760108159,Cesar Chavez High,San Joaquin,505.0,0
39686760114926,California Virtual Academy @ (San Joaquin),San Joaquin,29.0,
39686760115402,Edward C. Merlo Institute of,San Joaquin,42.0,0
39686760117853,Stallworth Charter,San Joaquin,10.0,1
39686760118497,Aspire Langston Hughes Academy,San Joaquin,102.0,1
39686760119743,Stockton Uni Early College Aca,San Joaquin,107.0,1
39686760119784,Stockton High,San Joaquin,48.0,0
39686760120733,Stockton Collegiate Intl. High,San Joaquin,36.0,1
39686760123802,Health Careers Academy,San Joaquin,102.0,1
39686760124248,Pacific Law Academy,San Joaquin,50.0,1
39686760139998,School 39686760139998,,15.0,
39686763930211,Jane Frederick High,San Joaquin,126.0,0
39686763930369,Golden Valley Secondary ComDay,San Joaquin,9.0,
39686763930427,Weber Institute,San Joaquin,86.0,0
39686763932100,Edison High (San Joaquin),San Joaquin,589.0,0
39686763932654,Franklin High (San Joaquin),San Joaquin,501.0,0
39686763937406,Stagg Senior High,San Joaquin,419.0,0
39686766095236,Walton Development Center,San Joaquin,21.0,0
39686766104368,District Special Ed,San Joaquin,14.0,0
39686769003484,Childrens Home of Stockton,San Joaquin,,
39754990000001,District Students in NPS (San Joaquin) [8],San Joaquin,,0
39754990102392,Millennium Charter,San Joaquin,109.0,1
39754990114140,George and Evelyn Stein Conti,San Joaquin,87.0,0
39754990119040,John C. Kimball High,San Joaquin,397.0,0
39754990120519,CalPac NCC,San Joaquin,59.0,
39754990139949,School 39754990139949,,77.0,1
39754993930286,"Success High, Cont.",San Joaquin,,
39754993930294,Excel High (San Joaquin),San Joaquin,,
39754993930302,Merrill F. West High,San Joaquin,480.0,0
39754993930393,Willow Community Day,San Joaquin,6.0,0
39754993937976,Duncan-Russell Continuation,San Joaquin,28.0,
39754993938008,Tracy High,San Joaquin,435.0,0
39767600128967,Mountain House High,San Joaquin,607.0,0
40104050000001,San Luis Obispo Co Educ. Programs,San Luis Obispo,,
40104050101725,Grizzly ChalleNGe Charter,San Luis Obispo,141.0,1
40104054030078,San Luis Obispo Co. Juv. Ct.,San Luis Obispo,7.0,0
40104054030250,San Luis Obispo County Commun,San Luis Obispo,33.0,0
40104056106769,Special Education (San Luis Obispo),San Luis Obispo,10.0,0
40687000000001,District Students in NPS (San Luis Obispo) [1],San Luis Obispo,,0
40687004030102,West Mall Alternative,San Luis Obispo,44.0,0
40687004030151,Del Rio Continuation High,San Luis Obispo,27.0,0
40687004030755,Atascadero High,San Luis Obispo,289.0,0
40687590125328,Central Coast New Tech High,San Luis Obispo,58.0,0
40687590140194,School 40687590140194,,36.0,0
40687594030268,Nipomo High,San Luis Obispo,205.0,0
40687594030508,Arroyo Grande High (San Luis Obispo) [1],San Luis Obispo,,
40687594030557,Arroyo Grande High (San Luis Obispo) [2],San Luis Obispo,503.0,0
40687594033205,Lopez Continuation High,San Luis Obispo,73.0,0
40688090000001,District Students in NPS (San Luis Obispo) [2],San Luis Obispo,,0
40688094030045,Pacific Beach High,San Luis Obispo,24.0,0
40688094034807,Morro Bay High,San Luis Obispo,188.0,0
40688094036703,San Luis Obispo High,San Luis Obispo,420.0,0
40688334030227,Shandon Community Day,San Luis Obispo,1.0,
40688334037008,Shandon High,San Luis Obispo,21.0,0
40688414030128,Eagle Canyon High,San Luis Obispo,5.0,0
40688414030136,School 40688414030136,,,
40688414030185,Templeton Indep. St. High,San Luis Obispo,31.0,0
40688414037701,Templeton High,San Luis Obispo,181.0,0
40754570000001,District Students in NPS (San Luis Obispo) [3],San Luis Obispo,,0
40754570119354,Independence High (San Luis Obispo),San Luis Obispo,32.0,0
40754574030169,Freedom Community Day,San Luis Obispo,2.0,
40754574030193,Grizzly Challenge Charter,San Luis Obispo,64.0,
40754574030235,Paso Robles Independent Study,San Luis Obispo,1.0,0
40754574035754,Paso Robles High,San Luis Obispo,496.0,0
40754574035762,"Liberty High, Cont. (San Luis Obispo)",San Luis Obispo,73.0,0
40754654030144,"Leffingwell High, Cont.",San Luis Obispo,9.0,0
40754654030219,Cambria Community Day,San Luis Obispo,1.0,
40754654032009,Coast Union High,San Luis Obispo,40.0,0
41104130110015,High Tech High Bayshore (San Mateo) [1],San Mateo,,
41104130113258,Margaret Kemp Girls Camp,San Mateo,4.0,
41104130113266,Camp Glenwood,San Mateo,10.0,
41104130113282,North Community (San Mateo) [1],San Mateo,1.0,
41104130113290,North Community (San Mateo) [2],San Mateo,3.0,
41104130113308,Fair Oaks Community,San Mateo,2.0,
41104130113316,Central Community,San Mateo,5.0,
41104130113324,South Community,San Mateo,2.0,
41104130113332,Gateway Center,San Mateo,31.0,0
41104130117143,Canyon Oaks Youth Center,San Mateo,2.0,0
41104130128652,School 41104130128652,,11.0,0
41104130135269,Oxford Day Academy,San Mateo,23.0,1
41104134130076,Hillcrest at Youth Services C,San Mateo,20.0,0
41104136069363,San Mateo County Special Educ,San Mateo,16.0,0
41688580120162,CalPac SFB,San Mateo,26.0,
41688900000001,District Students in NPS (San Mateo) [1],San Mateo,,0
41688904130027,"Pilarcitos High, Cont.",San Mateo,25.0,0
41688904132817,Half Moon Bay High,San Mateo,228.0,0
41689160112284,CAVA@San Mateo,San Mateo,137.0,1
41689240000001,District Students in NPS (San Mateo) [2],San Mateo,,0
41689240127548,Summit Public School: Shasta,San Mateo,114.0,1
41689244133393,Jefferson High,San Mateo,268.0,0
41689244135075,Oceana High,San Mateo,118.0,0
41689244137535,Terra Nova High,San Mateo,185.0,0
41689244137592,Thornton High,San Mateo,86.0,0
41689244137790,Westmoor High,San Mateo,320.0,0
41689244168924,Home/hospital and independent study (San Mateo) [1],San Mateo,,
41689400000001,La Honda-Pescadero Unif Programs,San Mateo,,
41689404135331,Pescadero High,San Mateo,21.0,0
41689656044150,Hillview Middle,San Mateo,,0
41689990109561,Stanford New,San Mateo,61.0,
41689990134197,Aspire East Palo Alto Charter (San Mateo) [1],San Mateo,20.0,1
41689994130118,East Palo Alto High,San Mateo,62.0,
41689996114953,Aspire East Palo Alto Charter (San Mateo) [2],San Mateo,53.0,
41690054130100,Aurora High,San Mateo,15.0,
41690210101279,San Carlos High s,San Mateo,,
41690470000001,District Students in NPS (San Mateo) [3],San Mateo,,0
41690470128165,Peninsula High,San Mateo,2.0,
41690470129759,Design Tech High,San Mateo,142.0,1
41690470135814,School 41690470135814,,58.0,0
41690470142497,School 41690470142497,,23.0,0
41690474130092,San Mateo Union High Comm,San Mateo,3.0,
41690474130217,Aragon High,San Mateo,414.0,0
41690474130472,Burlingame High,San Mateo,396.0,0
41690474130738,Capuchino High,San Mateo,265.0,0
41690474133070,Hillsdale High,San Mateo,396.0,0
41690474134557,Mills High,San Mateo,279.0,0
41690474135265,Peninsula High Continuation,San Mateo,152.0,
41690474136370,San Mateo High,San Mateo,389.0,0
41690474169047,Home/hospital and independent study (San Mateo) [2],San Mateo,,
41690620000001,District Students in NPS (San Mateo) [4],San Mateo,,0
41690620112722,Summit Preparatory Charter Hi,San Mateo,73.0,1
41690620118232,Aspire East Palo Alto Phoenix,San Mateo,49.0,
41690620119503,Everest Public High (San Mateo) [1],San Mateo,56.0,1
41690620125120,Sequoia Community Day,San Mateo,23.0,
41690620126722,East Palo Alto Academy,San Mateo,70.0,1
41690620127019,Sequoia Union High Independent,San Mateo,24.0,
41690620138420,Tide Academy,San Mateo,53.0,0
41690620139915,KIPP Esperanza High,San Mateo,71.0,1
41690624130084,Sequoia District Communit,San Mateo,4.0,
41690624130993,Carlmont High,San Mateo,590.0,0
41690624133716,Menlo-Atherton High,San Mateo,540.0,0
41690624135687,"Redwood High, Cont. (San Mateo)",San Mateo,142.0,0
41690624136693,Sequoia High (San Mateo),San Mateo,464.0,0
41690624138053,Woodside High,San Mateo,415.0,0
41690700000001,District Students in NPS (San Mateo) [5],San Mateo,,0
41690704130324,"Baden High, Cont.",San Mateo,57.0,0
41690704132551,El Camino High (San Mateo),San Mateo,263.0,0
41690704137212,School 41690704137212,,,
41690704137279,South San Francisco High,San Mateo,310.0,0
41690704169070,Home/hospital and independent study (San Mateo) [3],San Mateo,,
41764300110015,High Tech High Bayshore (San Mateo) [2],San Mateo,25.0,
41765880119503,Everest Public High (San Mateo) [2],San Mateo,92.0,
42104210108654,Summit High (Santa Barbara),Santa Barbara,1.0,
42104210116855,"Summit High School, II",Santa Barbara,8.0,
42104210126946,Phoenix High II,Santa Barbara,1.0,
42104210127027,Phoenix High School,Santa Barbara,,
42104214230157,Santa Barbara Co. Juvenile Ct.,Santa Barbara,43.0,0
42104214230207,Santa Barbara Co. Community,Santa Barbara,6.0,0
42104216069223,Special Education (Santa Barbara),Santa Barbara,19.0,0
42691120111773,Family Partnership Home Study,Santa Barbara,52.0,1
42691120124255,Trivium Charter,Santa Barbara,15.0,1
42691120127704,Visions Academy Charter,Santa Barbara,3.0,
42691120137877,Trivium Charter School Adventure,Santa Barbara,7.0,1
42691120137885,Trivium Charter School Voyage,Santa Barbara,4.0,1
42691464230181,Foothill Alternative High,Santa Barbara,11.0,
42691464230587,Carpinteria Senior High,Santa Barbara,148.0,0
42691464230595,"Rincon High, Cont.",Santa Barbara,11.0,
42692290117788,Camino Real Community Partner,Santa Barbara,3.0,
42692294230454,Cabrillo High (Santa Barbara),Santa Barbara,265.0,0
42692294233029,Maple High,Santa Barbara,25.0,0
42692294233060,Lompoc High,Santa Barbara,398.0,0
42692454230199,Olive Grove,Santa Barbara,77.0,
42692600116434,Orcutt Academy Charter,Santa Barbara,168.0,1
42692606045785,Orcutt Junior High,Santa Barbara,,0
42692860000001,District Students in NPS (Santa Barbara) [1],Santa Barbara,,
42692860118877,Home School Santa Barbara Sec,Santa Barbara,,
42692860120402,Alta Vista Alternative High (Santa Barbara) [1],Santa Barbara,61.0,
42692864230090,Santa Barbara Continuation Hi,Santa Barbara,10.0,
42692864230140,Dos Pueblos Continuation,Santa Barbara,6.0,
42692864230165,San Marcos Continuation High,Santa Barbara,13.0,
42692864231726,Dos Pueblos Senior High (Santa Barbara) [1],Santa Barbara,572.0,
42692864232690,La Cuesta Continuation High (Santa Barbara) [1],Santa Barbara,72.0,
42692864235230,San Marcos Senior High (Santa Barbara) [1],Santa Barbara,461.0,
42692864235727,Santa Barbara Senior High (Santa Barbara) [1],Santa Barbara,552.0,
42693100000001,District Students in NPS (Santa Barbara) [2],Santa Barbara,,0
42693100102285,Pioneer Valley High,Santa Barbara,770.0,0
42693104231452,Delta High (Santa Barbara),Santa Barbara,85.0,0
42693104234613,Righetti (Ernest) High,Santa Barbara,604.0,0
42693104236030,Santa Maria High,Santa Barbara,786.0,0
42693284230074,"Refugio High, Cont.",Santa Barbara,12.0,0
42693284236345,Santa Ynez Valley Union High,Santa Barbara,200.0,0
42750100134866,California STEAM Santa Barbara,Santa Barbara,18.0,
42750100135590,Uplift California Santa Barbara,Santa Barbara,186.0,
42750100136630,Valiant Santa Barbara,Santa Barbara,6.0,
42750100138891,California Connections Academy Central Coast,Santa Barbara,4.0,1
42750104230173,"Sierra Madre High, Cont.",Santa Barbara,1.0,0
42750104231205,Cuyama Valley High,Santa Barbara,10.0,0
42767860000001,District Students in NPS (Santa Barbara) [3],Santa Barbara,,0
42767860120402,Alta Vista Alternative High (Santa Barbara) [2],Santa Barbara,80.0,0
42767864231726,Dos Pueblos Senior High (Santa Barbara) [2],Santa Barbara,537.0,0
42767864232690,La Cuesta Continuation High (Santa Barbara) [2],Santa Barbara,76.0,0
42767864235230,San Marcos Senior High (Santa Barbara) [2],Santa Barbara,482.0,0
42767864235727,Santa Barbara Senior High (Santa Barbara) [2],Santa Barbara,481.0,0
42769500132894,Olive Grove Charter,Santa Barbara,4.0,
42771980138362,Olive Grove Charter - Orcutt/Santa Maria,Santa Barbara,88.0,1
42772060138370,Olive Grove Charter - Lompoc,Santa Barbara,41.0,1
42772140138388,Olive Grove Charter - Buellton,Santa Barbara,17.0,1
42772220138396,Olive Grove Charter - Santa Barbara,Santa Barbara,68.0,1
43104390000001,County Students in NPS (Santa Clara),Santa Clara,12.0,0
43104390100339,Alternative Placement Academy (Santa Clara) [1],Santa Clara,11.0,
43104390102905,LPS San Jose,Santa Clara,46.0,
43104390108308,Pathfinder High,Santa Clara,31.0,
43104390111179,Advent Community Day,Santa Clara,2.0,
43104390111567,Leadership Public - Campbell,Santa Clara,,
43104390113431,University Preparatory Academ,Santa Clara,120.0,1
43104390120261,Magnolia Science Academy Sant,Santa Clara,11.0,
43104390121780,Silicon Valley Flex Academy,Santa Clara,19.0,
43104390123257,Downtown College Prep - Alum,Santa Clara,52.0,1
43104390123794,Summit Public School: Tahoma,Santa Clara,96.0,1
43104390125302,Communitas Charter High,Santa Clara,,
43104390128090,Summit Public School: Denali,Santa Clara,91.0,
43104390135087,Opportunity Youth Academy,Santa Clara,175.0,1
43104394330220,School 43104394330220,,,
43104394330254,Juvenile Hall,Santa Clara,84.0,0
43104394330320,County Community (Santa Clara),Santa Clara,89.0,0
43104394330577,Foundry Community Day,Santa Clara,1.0,
43104394330650,Teenage Parent,Santa Clara,6.0,
43104396069371,Special Education (Santa Clara),Santa Clara,141.0,0
43694010000000,School 43694010000000,,67.0,0
43694010000001,District Students in NPS (Santa Clara) [1],Santa Clara,12.0,0
43694014330239,Leigh High,Santa Clara,471.0,0
43694014330718,Camden Community Day,Santa Clara,7.0,
43694014330759,Boynton High,Santa Clara,152.0,0
43694014330866,Branham High,Santa Clara,455.0,0
43694014331955,Del Mar High (Santa Clara),Santa Clara,338.0,0
43694014336137,Prospect High,Santa Clara,365.0,0
43694014338505,Westmont High,Santa Clara,420.0,0
43694014369401,School 43694014369401,,44.0,
43694270000001,District Students in NPS (Santa Clara) [2],Santa Clara,13.0,0
43694270107151,Escuela Popular/Center for Tr,Santa Clara,37.0,1
43694270107490,California Youth Outreach,Santa Clara,2.0,
43694270116889,KIPP San Jose Collegiate,Santa Clara,128.0,1
43694270123745,Summit Public School: Rainier,Santa Clara,79.0,
43694270125427,Calero High,Santa Clara,60.0,0
43694270125617,ACE Charter High (Santa Clara),Santa Clara,78.0,1
43694270130856,Luis Valdez Leadership Academy,Santa Clara,56.0,1
43694270131995,B. Roberto Cruz Leadership Academy,Santa Clara,73.0,1
43694270132274,Alpha Cindy Avitia High,Santa Clara,101.0,1
43694274330015,Yerba Buena High,Santa Clara,403.0,0
43694274330023,Santa Teresa High,Santa Clara,534.0,0
43694274330031,Independence High (Santa Clara),Santa Clara,572.0,0
43694274330296,School 43694274330296,,,
43694274330312,Phoenix High (Santa Clara),Santa Clara,44.0,0
43694274330346,"Genesis High, Cont.",Santa Clara,27.0,
43694274330353,Pegasus High,Santa Clara,71.0,0
43694274330361,Apollo High,Santa Clara,79.0,0
43694274330551,Alternative Placement Academy (Santa Clara) [2],Santa Clara,35.0,
43694274330601,MACSA Academica,Santa Clara,41.0,
43694274330668,Latino College Preparatory Ac,Santa Clara,105.0,1
43694274330676,San Jose Conservation Corps,Santa Clara,191.0,1
43694274330692,Evergreen Valley High,Santa Clara,676.0,0
43694274330726,Escuela Popular Accelerated F,Santa Clara,5.0,1
43694274332318,Foothill High (Santa Clara),Santa Clara,253.0,0
43694274332995,Andrew P Hill High,Santa Clara,391.0,0
43694274333639,James Lick High,Santa Clara,216.0,0
43694274334900,Mount Pleasant High,Santa Clara,250.0,0
43694274335204,Oak Grove High,Santa Clara,344.0,0
43694274335428,William C Overfelt High,Santa Clara,341.0,0
43694274335907,Piedmont Hills High,Santa Clara,480.0,0
43694274337903,Silver Creek High,Santa Clara,535.0,0
43694680000001,District Students in NPS (Santa Clara) [3],Santa Clara,15.0,0
43694684330569,Community Day (Santa Clara),Santa Clara,2.0,0
43694684331799,Cupertino High,Santa Clara,450.0,0
43694684332474,Fremont High (Santa Clara),Santa Clara,515.0,0
43694684333316,Homestead High,Santa Clara,556.0,0
43694684334421,Lynbrook High,Santa Clara,426.0,0
43694684334462,Monta Vista High,Santa Clara,408.0,0
43694840000001,District Students in NPS (Santa Clara) [4],Santa Clara,,0
43694840114496,Dr. T. J. Owens Gilroy Early,Santa Clara,76.0,0
43694840118380,Christopher High,Santa Clara,408.0,0
43694844330544,Gilroy Community Day,Santa Clara,1.0,
43694844330619,MACSA El Portal,Santa Clara,29.0,
43694844332797,School 43694844332797,,,
43694844332839,Gilroy High,Santa Clara,404.0,0
43694844334850,Mt. Madonna High,Santa Clara,114.0,0
43695340000001,District Students in NPS (Santa Clara) [5],Santa Clara,,0
43695344334272,School 43695344334272,,,
43695344334371,Los Gatos High,Santa Clara,478.0,0
43695344337762,Saratoga High,Santa Clara,290.0,0
43695830000001,District Students in NPS (Santa Clara) [6],Santa Clara,,0
43695830100131,Advent Academy,Santa Clara,5.0,
43695830102368,Ann Sobrato High,Santa Clara,378.0,0
43695834330072,School 43695834330072,,,
43695834333951,Live Oak High (Santa Clara),Santa Clara,275.0,0
43695834334488,"Central High, Cont.",Santa Clara,98.0,0
43695836095384,Britton (Lewis H.) Middle,Santa Clara,,0
43695836100325,Murphy (Martin) Middle,Santa Clara,,0
43696090000001,District Students in NPS (Santa Clara) [7],Santa Clara,,0
43696090100230,Mountain View-Los Altos,Santa Clara,,
43696094330486,Moffett High (Alter.),Santa Clara,21.0,
43696094334116,Los Altos High (Santa Clara),Santa Clara,542.0,0
43696094334561,School 43696094334561,,,
43696094334728,Mountain View High (Santa Clara),Santa Clara,547.0,0
43696094334736,"Alta Vista High, Cont.",Santa Clara,30.0,0
43696410000001,District Students in NPS (Santa Clara) [8],Santa Clara,,0
43696410142349,School 43696410142349,,32.0,0
43696414332904,Gunn (Henry M.) High,Santa Clara,411.0,0
43696414335782,Palo Alto High,Santa Clara,473.0,0
43696416048375,Packard Chdrn's Hosp/Stan,Santa Clara,6.0,0
43696660000001,District Students in NPS (Santa Clara) [9],Santa Clara,14.0,0
43696660106823,Lincoln Plus High,Santa Clara,34.0,
43696664330080,Gunderson High,Santa Clara,186.0,0
43696664330411,"Community Career Academy, Ct.",Santa Clara,10.0,
43696664330429,"Gunderson Plus, Cont.",Santa Clara,31.0,
43696664330445,"Willow Glen Plus, Cont.",Santa Clara,21.0,
43696664330452,"Pioneer Plus, Cont.",Santa Clara,34.0,
43696664330460,"Leland Plus, Cont.",Santa Clara,18.0,
43696664330478,"San Jose High Acad. Plus, Ct.",Santa Clara,22.0,
43696664330502,Liberty High (Alternative,Santa Clara,170.0,0
43696664330510,Crossroads Community Day,Santa Clara,3.0,
43696664330585,Downtown College Preparatory,Santa Clara,130.0,1
43696664330593,Middle College High (Santa Clara),Santa Clara,27.0,
43696664330734,San Jose Community High,Santa Clara,1.0,
43696664332110,Broadway High,Santa Clara,152.0,0
43696664333522,Leland High,Santa Clara,368.0,0
43696664333795,Lincoln (Abraham) High (Santa Clara),Santa Clara,398.0,0
43696664334454,School 43696664334454,,,
43696664335949,Pioneer High (Santa Clara),Santa Clara,348.0,0
43696664337200,San Josi High,Santa Clara,218.0,0
43696664338950,Willow Glen High,Santa Clara,386.0,0
43696740000001,District Students in NPS (Santa Clara) [10],Santa Clara,,0
43696740125443,Santa Clara Community Day,Santa Clara,1.0,0
43696740135970,Mission Early College High,Santa Clara,36.0,0
43696740141283,School 43696740141283,,193.0,0
43696744330122,Santa Clara High,Santa Clara,416.0,0
43696744330148,School 43696744330148,,,
43696744330247,Wilson Alternative,Santa Clara,126.0,0
43696744338406,New Valley Cont. High,Santa Clara,83.0,0
43696744338802,Wilcox (Adrian) High,Santa Clara,404.0,0
43733870000001,District Students in NPS (Santa Clara) [11],Santa Clara,,0
43733870126276,Milpitas Community Day (Santa Clara) [1],Santa Clara,,
43733870128587,Connexions Academy,Santa Clara,,
43733870140673,Milpitas Middle College Hs,Santa Clara,23.0,0
43733874330536,Milpitas Community Day (Santa Clara) [2],Santa Clara,1.0,
43733874331039,Calaveras Hills,Santa Clara,64.0,0
43733874334470,Milpitas High,Santa Clara,732.0,0
43771490137315,KIPP Navigate College Prep,Santa Clara,74.0,1
44104470100305,Santa Cruz County Cypress Charter High,Santa Cruz,24.0,
44104470136572,Santa Cruz County Career Advancement Charter,Santa Cruz,144.0,1
44104474430146,Santa Cruz County Court,Santa Cruz,41.0,0
44104474430252,Pacific Collegiate Charter,Santa Cruz,84.0,1
44104474430278,Santa Cruz County,Santa Cruz,322.0,0
44104476069397,Special Education (Santa Cruz),Santa Cruz,37.0,0
44322764430013,Ben Lomond Youth Conservation Camp,Santa Cruz,9.0,
44697650100305,Cypress Charter High,Santa Cruz,30.0,
44697990000000,School 44697990000000,,11.0,0
44697990000001,District Students in NPS (Santa Cruz) [1],Santa Cruz,,0
44697990105858,Pajaro Valley High,Santa Cruz,323.0,0
44697990117804,Ceiba College Prep Academy,Santa Cruz,56.0,1
44697990140335,School 44697990140335,,27.0,0
44697994430203,New School Community Day,Santa Cruz,12.0,0
44697994430229,Pacific Coast Charter,Santa Cruz,46.0,1
44697994430245,Academic/Vocational Charter I,Santa Cruz,18.0,1
44697994430518,Aptos High,Santa Cruz,318.0,0
44697994437794,Renaissance High (Cont.),Santa Cruz,99.0,0
44697994437901,Watsonville High,Santa Cruz,554.0,0
44698070000001,District Students in NPS (Santa Cruz) [2],Santa Cruz,,0
44698070110007,Ocean Grove Charter,Santa Cruz,107.0,1
44698074430179,SLVUSD Charter,Santa Cruz,17.0,1
44698074430260,River View,Santa Cruz,13.0,
44698074436754,San Lorenzo Valley High,Santa Cruz,144.0,0
44698230000001,District Students in NPS (Santa Cruz) [3],Santa Cruz,,0
44698230124735,Sequoia Academy,Santa Cruz,2.0,
44698234430096,Ark Independent Studies,Santa Cruz,25.0,0
44698234430187,Delta Charter (Santa Cruz),Santa Cruz,49.0,1
44698234430195,Alternative Family Education,Santa Cruz,13.0,0
44698234432340,Harbor High,Santa Cruz,253.0,0
44698234436960,Costanoa Continuation High,Santa Cruz,65.0,0
44698234437000,School 44698234437000,,,
44698234437109,Santa Cruz High,Santa Cruz,273.0,0
44698234437406,Soquel High,Santa Cruz,268.0,0
44754320000001,District Students in NPS (Santa Cruz) [4],Santa Cruz,,0
44754320139410,California Connections Academy Monterey Bay,Santa Cruz,19.0,1
44754324430211,Scotts Valley High,Santa Cruz,153.0,0
45104540000001,County Students in NPS (Shasta),Shasta,,
45104540113860,Shasta Trades Academy,Shasta,,
45104540118976,Phoenix Program,Shasta,5.0,
45104540118984,Academy of Personalized Learni,Shasta,,
45104540118992,Magnolia Inde Learning Center,Shasta,22.0,
45104540119008,Shasta Independent Learning,Shasta,9.0,
45104540129957,Northern Summit Academy Shasta,Shasta,27.0,1
45104540132647,Shasta County Independent Study,Shasta,51.0,0
45104544530036,Alternative/Opportunity,Shasta,,
45104544530150,Shasta County Juvenile,Shasta,12.0,0
45104544530317,Oasis Community,Shasta,14.0,
45104546069389,Shasta County Special Educati,Shasta,3.0,0
45698560000001,District Students in NPS (Shasta) [1],Shasta,,0
45698560110429,Anderson Community Day Transi,Shasta,,
45698564530028,West Valley High (Shasta),Shasta,186.0,0
45698564530051,Oakview High (Alternative),Shasta,44.0,0
45698564530192,Anderson Com. Day,Shasta,,0
45698564530333,Anderson New Technology,Shasta,23.0,1
45698564530762,North Valley High,Shasta,18.0,0
45698564530804,Anderson High,Shasta,114.0,0
45699480139543,Shasta View Academy,Shasta,57.0,1
45699480141580,School 45699480141580,,28.0,1
45699710135848,Redding Collegiate Academy,Shasta,7.0,1
45699890000001,Fall River Joint Unified Programs,Shasta,,
45699894530010,Mountain View High (Continuat,Shasta,2.0,0
45699894530226,Soldier Mountain Continuation,Shasta,1.0,0
45699894530234,Fall River Community Day,Shasta,1.0,0
45699894530242,Burney Community Day,Shasta,2.0,0
45699894531000,Burney Junior-Senior High,Shasta,22.0,0
45699894533600,Fall River Junior-Senior High,Shasta,38.0,0
45701100135889,Stellar Charter (Shasta) [1],Shasta,19.0,1
45701104530291,Pathway.com,Shasta,4.0,
45701104530341,Stellar Secondary Charter Hig,Shasta,17.0,
45701106116925,Stellar Charter (Shasta) [2],Shasta,,
45701360000001,District Students in NPS (Shasta) [2],Shasta,,0
45701360106013,University Preparatory (Shasta),Shasta,136.0,1
45701360114132,Shasta Plus,Shasta,22.0,
45701360114231,Foothill Plus,Shasta,24.0,
45701360114249,Enterprise Plus,Shasta,26.0,
45701364530044,Foothill High (Shasta),Shasta,372.0,0
45701364530119,Pioneer Continuation,Shasta,96.0,
45701364530200,Pioneer Continuation High (Shasta) [1],Shasta,123.0,0
45701364530218,Freedom High (Shasta),Shasta,2.0,
45701364530267,Shasta Secondary Home,Shasta,85.0,1
45701364530283,Shasta Learining Center,Shasta,73.0,
45701364530309,North State Independence High,Shasta,48.0,0
45701364532750,Enterprise High (Shasta),Shasta,287.0,0
45701364536256,Pioneer Continuation High (Shasta) [2],Shasta,126.0,
45701364537304,Shasta High,Shasta,317.0,0
45701690129957,Northern Summit Academy,Shasta,26.0,
45701690134031,New Day Academy - Shasta,Shasta,28.0,
45701690136440,Phoenix Charter Academy,Shasta,45.0,
45701690137117,New Day Academy (Shasta),Shasta,38.0,
45752670000001,District Students in NPS (Shasta) [3],Shasta,,0
45752670120170,Academy of Personalized Learn,Shasta,40.0,
45752674530077,Mountain Lakes High,Shasta,33.0,0
45752674530101,Shasta Lake Alternative,Shasta,17.0,0
45752674530176,Gateway Community Day (Shasta),Shasta,,0
45752674530275,Lubeles Academy,Shasta,12.0,
45752674531901,Central Valley High (Shasta),Shasta,116.0,0
46104626077267,Special Education (Sierra),Sierra,2.0,
46701774630018,Sierra Crest,Sierra,4.0,
46701774630034,Sierra Pass (Continuation),Sierra,3.0,0
46701774630653,Pliocene Ridge Junior-Sen,Sierra,3.0,
46701774632303,Downieville Junior-Senior Hig,Sierra,5.0,0
46701774634259,Loyalton High,Sierra,31.0,0
47104700000001,County Students in NPS (Siskiyou),Siskiyou,,0
47104700117168,Golden Eagle Charter (Siskiyou) [1],Siskiyou,41.0,1
47104700137372,Northern United - Siskiyou Charter,Siskiyou,24.0,1
47104704730032,J. Everett Barr Court,Siskiyou,6.0,
47104706069405,Siskiyou County Special Educa,Siskiyou,11.0,0
47702504730164,Dunsmuir Joint Union High Com,Siskiyou,1.0,
47702504732707,Dunsmuir High,Siskiyou,17.0,0
47702764730107,"Scott River High, Cont.",Siskiyou,2.0,
47702764730115,Scott River Community Day,Siskiyou,,
47702764730206,Scott Valley,Siskiyou,1.0,
47702764733309,Etna Union High School,Siskiyou,45.0,
47704256115497,Options for Youth Charter,Siskiyou,33.0,
47704660106393,Golden Eagle Charter (Siskiyou) [2],Siskiyou,36.0,
47704664730057,"Jefferson High, Cont.",Siskiyou,12.0,
47704664730123,South County Comm. Day,Siskiyou,1.0,
47704664730131,Happy Camp Community Day,Siskiyou,1.0,
47704664734356,Happy Camp High,Siskiyou,11.0,0
47704664734901,McCloud High,Siskiyou,4.0,0
47704664735403,Mt. Shasta High,Siskiyou,60.0,0
47704664738753,Weed High,Siskiyou,33.0,0
47705164730024,"Discovery High, Cont.",Siskiyou,4.0,0
47705164730073,School 47705164730073,,,
47705164730156,Yreka Union High Comm Day,Siskiyou,2.0,0
47705164739207,Yreka High,Siskiyou,153.0,0
47736840000001,Butte Valley Unified Programs,Siskiyou,,
47736844730065,School 47736844730065,,,
47736844730081,Cascade High,Siskiyou,1.0,
47736844730149,Mahogany Comm Day High,Siskiyou,,
47736844731253,Butte Valley High,Siskiyou,18.0,0
47764554730107,Scott River High,Siskiyou,6.0,0
47764554730115,Scott River-Etna,Siskiyou,,
47764554730206,Scott Valley-Ft. Jones,Siskiyou,1.0,
47764554733309,Etna Union High,Siskiyou,45.0,0
48104880123331,Division of Unaccompanied Chi,Solano,1.0,
48104880139030,School 48104880139030,,37.0,1
48104884810488,Home/hospital and independent study (Solano) [1],Solano,,
48104884830071,Solano Juvenile Detention Fac,Solano,20.0,0
48104886069538,Solano County Special Educati,Solano,30.0,0
48104886089668,Solano County Community,Solano,19.0,0
48705240000001,District Students in NPS (Solano) [1],Solano,,0
48705240118968,Community Day (Solano),Solano,5.0,0
48705244830048,"Liberty High, Cont. (Solano)",Solano,36.0,0
48705244830188,Home Independent,Solano,11.0,
48705244831004,Benicia High,Solano,334.0,0
48705320000001,District Students in NPS (Solano) [2],Solano,,0
48705320102012,Dixon Community Day,Solano,1.0,
48705324830055,Maine Prairie High (Continuat,Solano,50.0,0
48705324832259,Dixon High,Solano,248.0,0
48705400000001,District Students in NPS (Solano) [3],Solano,,0
48705400112904,Mary Bird Secondary Community,Solano,2.0,
48705400122093,H. Glenn Richardson,Solano,6.0,0
48705400123356,Matt Garcia Learning Center,Solano,7.0,0
48705400124545,Dover Bridge to Success (Solano) [1],Solano,,
48705400125310,Public Safety Academy (Solano),Solano,54.0,0
48705400128942,Dover Bridge to Success (Solano) [2],Solano,,
48705404830030,Bird (Mary),Solano,16.0,
48705404830170,Rodriguez (Angelo) High,Solano,528.0,0
48705404830402,School 48705404830402,,,
48705404830451,Armijo High,Solano,461.0,0
48705404833000,Fairfield High,Solano,401.0,0
48705404836003,Sem Yeto Continuation High,Solano,207.0,0
48705650000001,District Students in NPS (Solano) [4],Solano,,0
48705654830022,Travis Education Center,Solano,40.0,0
48705654830154,Travis Community Day,Solano,3.0,
48705654830162,Travis Independent Study,Solano,4.0,
48705654838801,Vanden High,Solano,408.0,0
48705730000001,District Students in NPS (Solano) [5],Solano,,0
48705730109744,Vacaville Community Day Prep,Solano,1.0,
48705730135095,Ernest Kimme Charter Academy for Independent Learning,Solano,56.0,1
48705734830014,School 48705734830014,,,
48705734830089,Wood (Will C.) High,Solano,418.0,0
48705734830113,Elise P. Buckingham Charter M,Solano,118.0,1
48705734833869,Country High,Solano,45.0,
48705734837803,Vacaville High,Solano,511.0,0
48705810000001,District Students in NPS (Solano) [6],Solano,,0
48705810101980,Vallejo Education Academy,Solano,8.0,
48705810108233,Hope,Solano,35.0,
48705810139816,Griffin Academy High School,Solano,34.0,1
48705814830147,Bethel (Jesse M.) High,Solano,354.0,0
48705814830196,MIT Academy,Solano,118.0,1
48705814833950,Hogan High,Solano,280.0,
48705814838058,"Peoples High, Cont.",Solano,97.0,0
48705814838504,Vallejo High,Solano,286.0,0
48705814870581,Home/hospital and independent study (Solano) [2],Solano,,
48705816069900,Everest,Solano,1.0,0
48705816116255,Mare Island Technology Academ,Solano,,1
49104960000001,County Students in NPS (Sonoma),Sonoma,14.0,0
49104964930079,Sonoma  Court,Sonoma,49.0,0
49104964930343,Alternative Education,Sonoma,58.0,0
49104966069413,Sonoma County Special Educati,Sonoma,36.0,0
49402464930012,Casa Grande High (Sonoma) [1],Sonoma,461.0,
49402464935151,Petaluma High (Sonoma) [1],Sonoma,350.0,
49402534930160,Allen (Elsie) High (Sonoma) [1],Sonoma,312.0,
49402534930244,Carrillo (Maria) High (Sonoma) [1],Sonoma,368.0,
49402534934154,Montgomery High (Sonoma) [1],Sonoma,411.0,
49402534935292,Piner High (Sonoma) [1],Sonoma,293.0,
49402534936803,Santa Rosa High (Sonoma) [1],Sonoma,485.0,
49706070000001,District Students in NPS (Sonoma) [1],Sonoma,,0
49706070116293,WSCUHSD Community Day,Sonoma,4.0,
49706074930178,Gerboth High (Cont.),Sonoma,1.0,
49706074930186,Nuevo Leon High,Sonoma,2.0,
49706074930285,West Sonoma Charter,Sonoma,37.0,
49706074930327,Laguna High,Sonoma,44.0,0
49706074930368,Russian River Charter,Sonoma,33.0,
49706074930400,Analy High,Sonoma,368.0,0
49706074931507,El Molino High,Sonoma,140.0,
49706150127662,Stony Point Academy,Sonoma,16.0,
49706560000001,District Students in NPS (Sonoma) [2],Sonoma,,0
49706560110353,Eagle Creek Community Day,Sonoma,1.0,
49706560128983,School 49706560128983,,,
49706564930848,"Johanna Hansen High, Cont.",Sonoma,17.0,0
49706564930855,Cloverdale High,Sonoma,91.0,0
49707060000001,Geyserville Unified Programs,Sonoma,,0
49707060129981,Geyserville New Tech Academy,Sonoma,9.0,0
49707064930053,Buena Vista High (Sonoma),Sonoma,7.0,0
49707064932109,Geyserville Ed Park High,Sonoma,14.0,
49707220136465,California STEAM Sonoma II,Sonoma,59.0,
49707220139048,California Pacific Charter - Sonoma,Sonoma,24.0,1
49707306120588,Pathways Charter,Sonoma,55.0,1
49707970107284,CAVA@Sonoma,Sonoma,88.0,1
49707970134296,California STEAM Sonoma,Sonoma,21.0,
49708390120584,Pivot Online Charter - North,Sonoma,10.0,
49708390138065,Pivot Charter School - North Bay,Sonoma,93.0,1
49708540132357,School 49708540132357,,19.0,0
49708620000001,District Students in NPS (Sonoma) [3],Sonoma,,0
49708620128157,Gateway to College Academy,Sonoma,57.0,
49708624930012,Casa Grande High (Sonoma) [2],Sonoma,413.0,0
49708624930103,"Carpe Diem High, Cont.",Sonoma,12.0,0
49708624930111,"Sonoma Mountain High, Cont.",Sonoma,8.0,0
49708624930236,"Valley Oaks High, Alt.",Sonoma,18.0,0
49708624935151,Petaluma High (Sonoma) [2],Sonoma,298.0,0
49708624935862,San Antonio High (Continuatio,Sonoma,29.0,0
49708626117337,Crossroads,Sonoma,,
49708700106344,Northwest Prep,Sonoma,15.0,1
49708704970870,School 49708704970870,,,
49709040101923,Roseland Charter,Sonoma,194.0,1
49709200000001,District Students in NPS (Sonoma) [4],Sonoma,24.0,0
49709200108811,Abraxis Charter,Sonoma,14.0,
49709200110288,Lewis Opportunity,Sonoma,6.0,
49709200113126,Arts and Ethics Academy,Sonoma,,
49709204930137,Nueva Vista High,Sonoma,12.0,
49709204930145,"Mesa High, Cont.",Sonoma,17.0,
49709204930160,Allen (Elsie) High (Sonoma) [2],Sonoma,257.0,0
49709204930202,"Grace High, Cont.",Sonoma,16.0,
49709204930210,"Midrose High, Cont.",Sonoma,20.0,
49709204930244,Carrillo (Maria) High (Sonoma) [2],Sonoma,396.0,0
49709204930335,Nexus Learning Community,Sonoma,,
49709204934154,Montgomery High (Sonoma) [2],Sonoma,313.0,0
49709204935292,Piner High (Sonoma) [2],Sonoma,358.0,0
49709204935607,"Ridgway High, Cont.",Sonoma,227.0,0
49709204936803,Santa Rosa High (Sonoma) [2],Sonoma,388.0,0
49709204970920,Home/hospital and independent study (Sonoma) [1],Sonoma,,
49709207104599,Sonoma Academy,Sonoma,,
49709530000001,District Students in NPS (Sonoma) [5],Sonoma,,0
49709534930152,"Creekside High, Cont.",Sonoma,15.0,0
49709534930293,Gateway,Sonoma,,
49709534937256,Sonoma Valley High,Sonoma,268.0,0
49709614930319,Orchard View,Sonoma,25.0,1
49738820000001,District Students in NPS (Sonoma) [6],Sonoma,,0
49738820123786,Credo High,Sonoma,110.0,1
49738820127092,Acad of Arts & Sciences Sonoma,Sonoma,18.0,
49738824930046,El Camino High (Sonoma),Sonoma,48.0,0
49738824930194,"Phoenix High, Cont. (Sonoma)",Sonoma,20.0,
49738824930384,Technology High,Sonoma,86.0,0
49738824935482,Rancho Cotate High,Sonoma,439.0,0
49738826118400,Community Day (Sonoma),Sonoma,,
49753580000001,District Students in NPS (Sonoma) [7],Sonoma,,0
49753580117986,Insight School of California,Sonoma,30.0,
49753580138263,North Bay Met Academy,Sonoma,22.0,0
49753580142406,School 49753580142406,,21.0,0
49753584930228,Windsor High,Sonoma,425.0,0
49753584930269,Windsor Oaks Academy,Sonoma,44.0,0
49753584975358,Home/hospital and independent study (Sonoma) [2],Sonoma,,
49753900000001,District Students in NPS (Sonoma) [8],Sonoma,,0
49753904930251,Marce Becerra Academy,Sonoma,17.0,0
49753904932554,Healdsburg High,Sonoma,126.0,0
50105040000001,Stanislaus Co. Off. Educ. Programs,Stanislaus,,
50105040101501,Archway Academy,Stanislaus,70.0,
50105040101709,Vocational Education Academy,Stanislaus,,
50105040129023,Stanislaus Alternative Charter,Stanislaus,454.0,1
50105040131235,School 50105040131235,,34.0,
50105045030069,Stanislaus Community,Stanislaus,20.0,0
50105045030085,John B. Allard,Stanislaus,41.0,0
50105045030226,Petersen Alternative Center f,Stanislaus,69.0,0
50105045030234,Valley Charter High,Stanislaus,32.0,
50105045030309,Stanislaus Teen,Stanislaus,2.0,
50105045030325,Community Middle College,Stanislaus,14.0,
50105046069546,Special Education (Stanislaus),Stanislaus,40.0,0
50710430000001,District Students in NPS (Stanislaus) [1],Stanislaus,,0
50710430107136,Whitmore Charter High,Stanislaus,29.0,1
50710430108076,Central Valley High (Stanislaus),Stanislaus,579.0,0
50710435030168,Endeavor Alternative,Stanislaus,52.0,0
50710435030200,"Argus High, Cont.",Stanislaus,116.0,0
50710435030879,Ceres High,Stanislaus,415.0,0
50710436120828,Whitmore Charter School of Pe,Stanislaus,,
50710680000001,District Students in NPS (Stanislaus) [2],Stanislaus,,0
50710680108456,Oasis Community Day,Stanislaus,1.0,
50710685030267,Denair Charter Academy,Stanislaus,75.0,1
50710685031521,Denair High,Stanislaus,74.0,0
50710926112965,Hart-Ransom Academic Charter,Stanislaus,22.0,1
50711345030275,Gold Rush,Stanislaus,40.0,
50711346113286,Keyes to Learning Charter,Stanislaus,21.0,1
50711670138057,Connecting Waters Charter School - Central Valley,Stanislaus,18.0,1
50711750000001,District Students in NPS (Stanislaus) [3],Stanislaus,12.0,0
50711750110593,James C. Enochs High,Stanislaus,576.0,0
50711750120212,Aspire Vanguard College Preparatory Academy,Stanislaus,66.0,1
50711750121129,Gregori High,Stanislaus,586.0,0
50711750122549,Modesto Virtual Academy,Stanislaus,23.0,
50711755030010,Beyer (Fred C.) High,Stanislaus,402.0,0
50711755030135,Johansen (Peter) High,Stanislaus,507.0,0
50711755031380,Davis (Grace M.) High,Stanislaus,521.0,0
50711755031802,Thomas Downey High,Stanislaus,548.0,0
50711755034905,Modesto High,Stanislaus,573.0,0
50711755034913,Robert Elliott Alternative Ed,Stanislaus,327.0,0
50712170000001,District Students in NPS (Stanislaus) [4],Stanislaus,,0
50712170133124,Open Valley Independent Study,Stanislaus,23.0,0
50712175030127,"Del Puerto High, Cont.",Stanislaus,96.0,0
50712175036256,Patterson High,Stanislaus,458.0,0
50713160000001,Turlock Joint Union High Programs,Stanislaus,,
50713165030218,Freedom Alternative High,Stanislaus,78.0,
50713165030283,John H. Pitman High,Stanislaus,,
50713165036868,School 50713165036868,,,
50713165036884,Roselawn High (Cont.),Stanislaus,112.0,
50713165037700,Turlock High (Stanislaus) [1],Stanislaus,821.0,
50736015030036,"West Side Valley High, Ct.",Stanislaus,12.0,0
50736015030184,Newman-Crows Landing Inde,Stanislaus,7.0,0
50736015030333,Foothill Community Day,Stanislaus,11.0,0
50736015035902,Orestimba High,Stanislaus,231.0,0
50755490000001,District Students in NPS (Stanislaus) [5],Stanislaus,,0
50755490116848,Valley Community Day,Stanislaus,,0
50755495032651,Hughson High,Stanislaus,215.0,0
50755495032669,B J Dickens High (Cont),Stanislaus,16.0,0
50755560000001,District Students in NPS (Stanislaus) [6],Stanislaus,,0
50755560112573,Adelante High (Stanislaus),Stanislaus,42.0,0
50755560115477,RISE (Riverbank Independent),Stanislaus,10.0,
50755565036850,Riverbank High,Stanislaus,186.0,0
50755640000001,District Students in NPS (Stanislaus) [7],Stanislaus,,0
50755645030051,School 50755645030051,,,
50755645030176,Oakdale Charter High,Stanislaus,20.0,1
50755645030192,Valley Oak Jr. and Sr. High,Stanislaus,12.0,0
50755645031950,East Stanislaus High,Stanislaus,40.0,0
50755645035654,Oakdale High,Stanislaus,391.0,0
50755720000001,District Students in NPS (Stanislaus) [8],Stanislaus,,0
50755720106054,Waterford Community Day,Stanislaus,2.0,
50755720117689,Sentinel High,Stanislaus,8.0,0
50755725030259,Waterford High,Stanislaus,146.0,0
50755725030317,Connecting Waters Charter,Stanislaus,139.0,1
50757390000001,District Students in NPS (Stanislaus) [9],Stanislaus,,0
50757390124669,eCademy Charter at Crane,Stanislaus,27.0,1
50757390131185,Fusion Charter,Stanislaus,31.0,1
50757395030218,Freedom Education Center,Stanislaus,61.0,
50757395030283,Pitman (John H.) High,Stanislaus,496.0,0
50757395036884,"Roselawn High, Cont.",Stanislaus,119.0,0
50757395037700,Turlock High (Stanislaus) [2],Stanislaus,620.0,0
50757397024490,School 50757397024490,,,
50766380120212,Aspire Vanguard College Prep.,Stanislaus,11.0,
51105120114207,Feather River Academy,Sutter,57.0,0
51105120138040,School 51105120138040,,15.0,1
51105120140152,School 51105120140152,,13.0,1
51105125130083,Sutter Co. Opportunity,Sutter,78.0,
51105125130109,School 51105125130109,,,
51105126069454,Sutter Cnty. Special Education,Sutter,49.0,0
51713735130117,"Three Rivers High, Cont.",Sutter,5.0,
51713735132758,East Nicolaus High,Sutter,75.0,0
51713995130059,Valley Oak Continuation High,Sutter,5.0,0
51713995130067,Live Oak Alternative  .,Sutter,5.0,0
51713995135256,Live Oak High (Sutter),Sutter,151.0,0
51714070109793,South Sutter Charter,Sutter,157.0,1
51714150129007,California Virtual Academy at Sutter,Sutter,105.0,1
51714150132761,California Prep Sutter 8-12,Sutter,40.0,
51714230111161,Ca Virtual Academy @ Sutter,Sutter,59.0,
51714230132977,Sutter Peak Charter Academy,Sutter,19.0,1
51714495130042,Butte View High,Sutter,11.0,0
51714495137500,Sutter High,Sutter,184.0,0
51714495171449,Home/hospital and independent study (Sutter),Sutter,,
51714560133934,Inspire Charter School - North,Sutter,97.0,1
51714640000001,District Students in NPS (Sutter),Sutter,,0
51714640107722,River Valley High,Sutter,424.0,0
51714640109215,Yuba City Charter High,Sutter,9.0,
51714645130018,Powell (Albert) Cont.,Sutter,94.0,0
51714645130075,Yuba City Unified Alter.,Sutter,17.0,0
51714645130125,Yuba City Charter,Sutter,19.0,1
51714645139001,Yuba City High,Sutter,420.0,0
52105205230016,Tehama County Juvenile Justic,Tehama,3.0,0
52105205230073,Sacramento River Discovery (Tehama) [1],Tehama,14.0,
52105206069462,Tehama County Special Educati,Tehama,1.0,0
52105206119671,Tehama eLearning Academy,Tehama,22.0,1
52715060137414,Corning Independent Study,Tehama,5.0,0
52715065230057,Corning-Center Alternative Le,Tehama,3.0,
52715065231675,Centennial (Continuation) High,Tehama,34.0,0
52715065231709,Corning High,Tehama,221.0,0
52715065271506,Home/hospital and independent study (Tehama),Tehama,,
52715220132597,Evergreen Institute of Excellence,Tehama,10.0,1
52715710000001,Los Molinos Unified Programs,Tehama,,
52715715230032,Los Molinos Community Day,Tehama,1.0,
52715715235106,Los Molinos High,Tehama,62.0,0
52716055230081,School 52716055230081,,,
52716056119671,eScholar Academy,Tehama,28.0,
52716215230073,Sacramento River Discovery (Tehama) [2],Tehama,2.0,
52716390000001,District Students in NPS (Tehama),Tehama,,
52716390118026,Educational Outreach Academy,Tehama,24.0,
52716395230040,Rebound,Tehama,2.0,
52716395230065,Red Bluff IS High,Tehama,57.0,
52716395237151,"Salisbury High, Cont.",Tehama,50.0,0
52716395237201,Red Bluff High,Tehama,396.0,0
53105380125633,California Heritage Youthbuild Academy II,Trinity,36.0,1
53105385330048,Juvenile Hall/Community (Trinity),Trinity,1.0,
53105386069421,Special Education (Trinity),Trinity,9.0,
53717795330014,"Alps View High, Cont. (Trinity) [1]",Trinity,19.0,
53717795330097,Trinity River Community Day (Trinity) [1],Trinity,1.0,
53717795337456,Trinity High (Trinity) [1],Trinity,125.0,
53738330000001,District Students in NPS (Trinity),Trinity,,
53738335330030,"Mt. Lassic High, Cont.",Trinity,3.0,0
53738335337423,Southern Trinity High,Trinity,4.0,0
53750285330022,Valley High (Trinity),Trinity,2.0,0
53750285330071,School 53750285330071,,,
53750285330089,Mountain Valley Community Day,Trinity,1.0,
53750285337407,Hayfork High,Trinity,18.0,0
53765135330014,"Alps View High, Cont. (Trinity) [2]",Trinity,2.0,0
53765135330097,Trinity River Community Day (Trinity) [2],Trinity,,0
53765135337456,Trinity High (Trinity) [2],Trinity,63.0,0
54105460119602,University Preparatory High,Tulare,63.0,1
54105460124057,Valley Life Charter,Tulare,2.0,1
54105465430061,Tulare County Court,Tulare,47.0,0
54105465430327,La Sierra High (Tulare),Tulare,26.0,1
54105465430343,Tulare County Community,Tulare,33.0,0
54105466069439,Special Education (Tulare),Tulare,83.0,0
54105466119291,Roosevelt (Eleanor),Tulare,16.0,1
54718030000001,Alpaugh Unified Programs,Tulare,,
54718030112458,Central California Connection,Tulare,69.0,1
54718035430111,Tule Continuation High,Tulare,1.0,
54718035430301,Alpaugh Junior-Senior Hig,Tulare,15.0,0
54718110139477,Monarch River Academy,Tulare,23.0,1
54718370109009,Summit Charter Academy,Tulare,151.0,1
54718370122705,Burton Pathways Charter Acade,Tulare,23.0,
54718605430095,Esperanza High (Tulare),Tulare,8.0,0
54718605430103,Yettem Continuation High,Tulare,,
54718605430160,School 54718605430160,,,
54718605430244,Cutler-Orosi Community Day,Tulare,1.0,0
54718605430806,Lovell High,Tulare,48.0,0
54718605433230,Orosi High,Tulare,277.0,0
54719280000001,District Students in NPS (Tulare) [1],Tulare,,
54719285430087,"Exeter Independent Study, Alt.",Tulare,24.0,
54719285430319,Exeter Community Day,Tulare,2.0,
54719285431598,Exeter High (Tulare) [1],Tulare,203.0,
54719285431614,Kaweah High (Tulare) [1],Tulare,19.0,
54719930124776,Loma Vista Charter,Tulare,5.0,1
54719935430194,John J. Cairns Continuation,Tulare,46.0,0
54719935430236,Lindsay Community Day,Tulare,4.0,0
54719935432414,Lindsay Senior High,Tulare,283.0,0
54721400123273,Crescent Valley Public Charter,Tulare,30.0,
54721400136507,Crescent Valley Public Charter II,Tulare,44.0,1
54721655430038,Frazier High (Cont.) (Tulare) [1],Tulare,16.0,
54721655434931,Strathmore High (Tulare) [1],Tulare,89.0,
54722490107649,Countryside Community Day,Tulare,9.0,0
54722490116368,Mission Oak High,Tulare,420.0,0
54722490130708,Sierra Vista Charter High,Tulare,29.0,1
54722490133793,Accelerated Charter High,Tulare,88.0,1
54722495430145,Tulare Technical Preparatory,Tulare,21.0,0
54722495430186,Sierra Vista High (Tulare),Tulare,40.0,
54722495435342,School 54722495435342,,,
54722495435367,Valley High (Tulare),Tulare,,
54722495435409,Tulare Union High,Tulare,404.0,0
54722495435466,Tulare Western High,Tulare,482.0,0
54722560000001,District Students in NPS (Tulare) [2],Tulare,,
54722560109751,Visalia Charter Independent S,Tulare,193.0,1
54722560120659,Visalia Technical Education C,Tulare,59.0,1
54722565430012,River Bend,Tulare,5.0,
54722565430046,Golden West High,Tulare,515.0,0
54722565430178,Charter Oak (Charter #51),Tulare,8.0,
54722565430269,Charter Alternatives Academy,Tulare,12.0,
54722565430368,El Diamante High,Tulare,472.0,0
54722565432828,Mt. Whitney High,Tulare,409.0,0
54722565434527,Redwood High (Tulare),Tulare,622.0,0
54722565435839,Sequoia High (Tulare),Tulare,167.0,0
54722565435870,School 54722565435870,,,
54722800000001,Woodlake Union High Programs,Tulare,,
54722805430285,Woodlake Community Day (Tulare) [1],Tulare,6.0,
54722805436258,"Bravo Lake High, Cont. (Tulare) [1]",Tulare,15.0,
54722805436282,Woodlake High (Tulare) [1],Tulare,173.0,
54753255430210,Farmersville High,Tulare,178.0,0
54753255430277,Deep Creek Academy,Tulare,46.0,0
54755230000001,Porterville Unified Programs,Tulare,,
54755230114348,Butterfield Charter High,Tulare,126.0,1
54755230116590,Harmony Magnet Academy,Tulare,127.0,1
54755230137968,Porterville Military Academy,Tulare,37.0,1
54755235430038,Frazier High (Cont.) (Tulare) [2],Tulare,9.0,
54755235430228,Vine Street Community Day,Tulare,3.0,0
54755235430251,Granite Hills High (Tulare),Tulare,302.0,0
54755235430350,Prospect Education Center,Tulare,25.0,
54755235430624,"Citrus High, Cont.",Tulare,139.0,0
54755235432786,Monache High,Tulare,464.0,0
54755235434055,Porterville Adult,Tulare,,
54755235434113,Porterville High,Tulare,531.0,0
54755235434931,Strathmore High (Tulare) [2],Tulare,83.0,0
54755310000001,Dinuba Unified Programs,Tulare,,
54755310102186,Ronald Reagan Academy,Tulare,73.0,0
54755315431119,Sierra Vista High (Continuati,Tulare,37.0,0
54755315431184,Dinuba High,Tulare,529.0,0
54767945430285,Woodlake Community Day (Tulare) [2],Tulare,4.0,0
54767945436258,"Bravo Lake High, Cont. (Tulare) [2]",Tulare,23.0,0
54767945436282,Woodlake High (Tulare) [2],Tulare,162.0,0
54767945476794,School 54767945476794,,,
54768360000001,School 54768360000001,,,
54768365430087,Exeter Independent Study (Alternative),Tulare,3.0,0
54768365431598,Exeter High (Tulare) [2],Tulare,227.0,0
54768365431614,Kaweah High (Tulare) [2],Tulare,28.0,0
55105530123752,Golden Lakes Charter,Tuolumne,1.0,
55105535530035,Opportunity,Tuolumne,5.0,
55105535530118,Tuolumne County Community/ISP,Tuolumne,6.0,0
55105535530142,Tuolumne County Special Educa,Tuolumne,8.0,0
55105535530167,Tuolumne County Community Day,Tuolumne,4.0,
55723630100099,CAVA@Jamestown,Tuolumne,25.0,
55723890000001,District Students in NPS (Tuolumne) [1],Tuolumne,,0
55723895530019,"Cassina (Dario) High, Cont.",Tuolumne,25.0,0
55723895530043,Bird High,Tuolumne,21.0,0
55723895530134,Sonora High Comm Day,Tuolumne,1.0,
55723895536503,Sonora High (Tuolumne),Tuolumne,220.0,0
55724130000001,District Students in NPS (Tuolumne) [2],Tuolumne,,0
55724130100222,Summit Preparatory High,Tuolumne,,
55724130107607,Sierra Community Day,Tuolumne,2.0,
55724130112276,Gold Rush Charter,Tuolumne,51.0,1
55724135530027,"Tuolumne High, Cont.",Tuolumne,2.0,
55724135530050,Long Barn High,Tuolumne,9.0,0
55724135530092,South Fork High,Tuolumne,1.0,0
55724135530100,Cold Springs High,Tuolumne,1.0,0
55724135530175,Mountain High (Tuolumne),Tuolumne,1.0,0
55724135530191,Connections VAPA Acad,Tuolumne,47.0,1
55724135536750,Summerville High,Tuolumne,127.0,0
55724135572413,Home/hospital and independent study (Tuolumne),Tuolumne,,
55751840000001,Big Oak Flat-Grvlnd Unif Programs,Tuolumne,,
55751840112532,Don Pedro Community Day,Tuolumne,3.0,
55751845530076,Tioga High,Tuolumne,13.0,0
55751845530084,Pedro (Don) High,Tuolumne,12.0,0
55751845530126,School 55751845530126,,,
55751845530159,Moccasin Community Day,Tuolumne,4.0,
56105610109900,Vista Real Charter High,Ventura,134.0,1
56105610122713,River Oaks Academy,Ventura,21.0,1
56105610135780,School 56105610135780,,16.0,0
56105610135798,School 56105610135798,,11.0,0
56105615630223,Providence,Ventura,30.0,0
56105615630397,Gateway County,Ventura,27.0,0
56105616069231,Ventura County Special Ed,Ventura,35.0,0
56724540000001,District Students in NPS (Ventura) [1],Ventura,,0
56724540124750,Heritage Valley Independent S,Ventura,10.0,0
56724545630173,Sierra High (Ventura),Ventura,38.0,0
56724545632021,Fillmore Senior High,Ventura,252.0,0
56724700120618,Golden Valley Virtual Charter,Ventura,13.0,
56724705630363,Golden Valley Charter,Ventura,19.0,1
56725040127043,Academy of Arts and Sciences (Ventura),Ventura,12.0,
56725040127076,AA&S: Oxnard & Ventura,Ventura,9.0,
56725200000001,District Students in NPS (Ventura) [2],Ventura,,0
56725200139626,School 56725200139626,,16.0,0
56725205630405,Valley Oak Charter,Ventura,5.0,1
56725205631817,"Chaparral High, Cont.",Ventura,31.0,0
56725205634076,Nordhoff High,Ventura,144.0,0
56725205672520,School 56725205672520,,,
56725460000001,District Students in NPS (Ventura) [3],Ventura,11.0,0
56725460120634,ACE Charter High (Ventura),Ventura,48.0,1
56725460125674,Oxnard Independent Study,Ventura,319.0,0
56725460131698,Rancho Campana High,Ventura,206.0,0
56725460136804,Oxnard Middle College High,Ventura,48.0,0
56725465630066,"Frontier High, Cont.",Ventura,141.0,0
56725465630330,Pacific View High (Com Day),Ventura,12.0,
56725465630355,Puente High,Ventura,66.0,
56725465630389,Pacifica,Ventura,669.0,0
56725465631619,Camarillo (Adolfo) High,Ventura,492.0,0
56725465631742,Channel Islands High,Ventura,595.0,0
56725465632849,Hueneme High,Ventura,478.0,0
56725465634480,School 56725465634480,,,
56725465634548,Oxnard High,Ventura,613.0,0
56725465634761,Rio Mesa High,Ventura,488.0,0
56725530139592,Peak Prep Pleasant Valley,Ventura,109.0,1
56725950000001,District Students in NPS (Ventura) [4],Ventura,,
56725955635776,Santa Paula High (Ventura) [1],Ventura,301.0,
56725955636170,"Renaissance High, Cont.",Ventura,82.0,
56726030000001,District Students in NPS (Ventura) [5],Ventura,,0
56726035630249,Monte Vista,Ventura,94.0,0
56726035630322,Santa Susana High,Ventura,258.0,0
56726035634993,"Apollo High, Cont.",Ventura,122.0,0
56726035635008,Royal High,Ventura,459.0,0
56726035635933,School 56726035635933,,,
56726035636188,Simi Valley High,Ventura,478.0,0
56726035672603,Home/hospital and independent study (Ventura),Ventura,,
56726110100875,Somis Academy,Ventura,27.0,
56726520000001,District Students in NPS (Ventura) [6],Ventura,,0
56726520113456,Ventura Unified Community Day,Ventura,2.0,
56726525630264,Buena Vista High (Ventura),Ventura,,
56726525630272,Pacific High (Ventura),Ventura,25.0,0
56726525630280,"Ventura Islands High, Cont.",Ventura,,
56726525630298,El Camino High (Ventura),Ventura,55.0,0
56726525630348,Foothill Technology High,Ventura,238.0,0
56726525630793,Buena High,Ventura,396.0,0
56726525637822,Ventura High,Ventura,485.0,0
56737590000001,District Students in NPS (Ventura) [7],Ventura,,0
56737590123349,Century Academy,Ventura,73.0,0
56737595630090,School 56737595630090,,,
56737595630108,"Conejo Valley High, Cont.",Ventura,64.0,0
56737595630116,Westlake High,Ventura,475.0,0
56737595630314,Century High (Ventura),Ventura,20.0,
56737595633748,Newbury Park High,Ventura,512.0,0
56737595637004,Thousand Oaks High,Ventura,426.0,0
56738740000001,District Students in NPS (Ventura) [8],Ventura,,
56738745630132,Oak Park High,Ventura,371.0,0
56738745630199,"Oak View High, Cont.",Ventura,19.0,0
56738745630256,Oak Park Independent,Ventura,41.0,0
56739400000001,District Students in NPS (Ventura) [9],Ventura,,0
56739400121426,IvyTech Charter,Ventura,22.0,1
56739405630215,Community High,Ventura,87.0,
56739405630371,Moorpark College,Ventura,40.0,0
56739405633250,Moorpark High,Ventura,423.0,0
56768280142190,School 56768280142190,,22.0,0
56768285635776,Santa Paula High (Ventura) [2],Ventura,374.0,0
56768285636170,School 56768285636170,,69.0,0
56768285676828,School 56768285676828,,,
57105790113787,Einstein Education Center,Yolo,31.0,0
57105790124305,Woodland Polytechnic Academy,Yolo,24.0,
57105795730106,Dan Jacobs,Yolo,5.0,0
57105795730130,Yolo Youth Academy,Yolo,1.0,
57105795730148,Midtown,Yolo,10.0,
57105796077275,Yolo Cnty. Special Education,Yolo,11.0,0
57726780000001,District Students in NPS (Yolo) [1],Yolo,,0
57726780106674,Frances Ellen Watkins Harper,Yolo,,0
57726780106708,DaVinci (Leonardo) High,Yolo,76.0,
57726780119578,Da Vinci Charter Academy,Yolo,87.0,1
57726785730098,Davis Independent Study,Yolo,12.0,0
57726785732201,Davis Senior High,Yolo,439.0,0
57726785732219,King (Martin Luther) High (Co,Yolo,39.0,0
57726786060396,Holmes (Oliver Wendell),Yolo,,0
57726786066245,Emerson (Ralph Waldo) Jr. High,Yolo,,0
57726860000001,District Students in NPS (Yolo) [2],Yolo,,0
57726865730056,Madison Community High,Yolo,4.0,0
57726865732904,Esparto High,Yolo,72.0,0
57726865772686,School 57726865772686,,,
57726940000001,District Students in NPS (Yolo) [3],Yolo,,0
57726940106617,Washington Youth Academy,Yolo,,
57726940115329,West Sacramento Early College,Yolo,16.0,
57726940120238,Evergreen Middle,Yolo,,
57726940135939,Washington Middle College High,Yolo,6.0,1
57726945730080,W Sacto Sch/Indp Study,Yolo,10.0,
57726945735154,River City Senior High,Yolo,542.0,0
57726945739552,Yolo High,Yolo,55.0,0
57727020000001,Winters Joint Unified Programs,Yolo,,0
57727020139436,Compass Charter School of Yolo,Yolo,18.0,1
57727025730049,"Wolfskill High, Cont.",Yolo,19.0,0
57727025738505,Winters High,Yolo,117.0,0
57727100000001,District Students in NPS (Yolo) [4],Yolo,,0
57727100101162,Pioneer High (Yolo),Yolo,396.0,0
57727105738802,Woodland Senior High,Yolo,289.0,0
57727105738810,"Cache Creek High, Cont.",Yolo,91.0,0
57727106056519,Lee Middle,Yolo,,0
57727106071278,Douglass Middle,Yolo,,0
57766950121806,"CA College, Career & Tech.",Yolo,,
58105870113274,Thomas E. Mathews Community,Yuba,5.0,0
58105875830047,Yuba Co. Juvenile Hall/Commun,Yuba,24.0,0
58105875830112,Yuba Co. Career Prep. Char,Yuba,48.0,1
58105876069249,Special Education (Yuba),Yuba,15.0,0
58727286115935,Camptonville Academy,Yuba,44.0,1
58727360000000,School 58727360000000,,110.0,0
58727360000001,District Students in NPS (Yuba) [1],Yuba,,0
58727365830013,Lindhurst High,Yuba,314.0,0
58727365830054,Lincoln (Abraham) (Alternativ,Yuba,97.0,0
58727365830088,North Marysville Cont. Hi,Yuba,62.0,
58727365830096,South Lindhurst Continuation,Yuba,62.0,0
58727365830138,Marysville Charter Academy fo,Yuba,51.0,1
58727365835202,Marysville High,Yuba,258.0,0
58727365872736,School 58727365872736,,47.0,
58727440107144,Plumas Lake Charter,Yuba,4.0,
58727516118801,Wheatland Charter,Yuba,14.0,
58727516118806,Wheatland Charter Academy,Yuba,11.0,1
58727690000001,District Students in NPS (Yuba) [2],Yuba,,
58727690123570,Wheatland Community Day High,Yuba,2.0,0
58727690133751,School 58727690133751,,23.0,0
58727695830120,Academy for Career Education,Yuba,14.0,
58727695838305,Wheatland Union High,Yuba,193.0,0
58727695872769,Home/hospital and independent study (Yuba),Yuba,,
99322760330027,Pine Grove Youth Con Camp,Ca Education Authority,,
99322760337352,Wieden (James A.) High,Ca Education Authority,,
99322761931096,Clarke (Jack B.) High,Ca Education Authority,,
99322761936319,Nelles (Fred C.) High,CA Youth Authority,,
99322762230019,Mt Bullion Youth Cons Cmp,CA Youth Authority,,
99322763430055,Nagazyna (Madelyn) H.S.,CA Youth Authority,,
99322763638459,Egan (Lyle) High,Ca Education Authority,,
99322763930047,Nelson (De Witt) High,CA Youth Authority,,
99322763931250,Boss (Johanna) High,Ca Education Authority,,
99322763932951,Holton (Karl) High,CA Youth Authority,,
99322763990025,Chaderjian (N.A.) High,Ca Education Authority,,
99322764035903,Romero (Marie C.) High,CA Youth Authority,,
99322764430013,Ben Lomond Youth Con Camp,CA Youth Authority,,
99322765637780,Perry (Mary B.) High,Ca Education Authority,,
